"","subj","experiment.x","age.at.study","age.at.survey","prop.lower","prop.higher","avg.lower","avg.higher","crawls","cruises","fearheights","handtohand","hiddensearch","pincer","points","pullstand","reaches","rolls","sits","stands","strangerdanger","walks","waves","exp","agegroup","looking.to.unexp","LTdiff"
"1","1","MR10",10.06666667,13.5,0.47197043,0.52802957,53.63,60,8.5,11,11.0344827586207,10,9.25785714285714,8.4372602739726,12.5,8.5,2.5,6.75,7,13,8.89421052631579,12.0907142857143,11,"MR","10",0.52802957,6.37
"2","2","MR13",12.93333333,17.5,0.4658405,0.5341595,52.326,60,6.12,6.15,12,6.25,11,9,8.15,6.5,3.15,3.2,5.25,8.1,8.89421052631579,11.27,8,"MR","13",0.5341595,7.674
"3","3","MR10",10.06666667,13.2,0.814995563,0.185004437,31.229,7.089,10,10.1546835443038,11.0344827586207,6.89676470588235,9.25785714285714,8.4372602739726,11,10.5,4.27025641025641,4.75,6,10.6788059701493,8.89421052631579,12.0907142857143,9.61527777777778,"MR","10",0.185004437,-24.14
"4","4","MR13",12.7,13.8,0.46488482,0.53511518,10.7665,12.393,8,12,11.0344827586207,7,10,8,11,11,5,5,6,13,8.89421052631579,12.0907142857143,11,"MR","13",0.53511518,1.6265
"5","5","MR13",13.5,15.3,0.523095624,0.476904376,21.947,20.009,9,10,7,6,10,7,11,9,5,5,5,10,10,12,13,"MR","13",0.476904376,-1.938
"6","6","MR13",13.1,14.5,0.487272727,0.512727273,22.78,23.97,9,10,11.0344827586207,6.89676470588235,9.25785714285714,8.4372602739726,11,10,4.27025641025641,4.1,7.1,10.6788059701493,11,11.11,10,"MR","13",0.512727273,1.19
"7","7","MR13",12.7,14.5,0.494,0.506,16.796,17.204,10.5,12.5,11.0344827586207,5,9.75,6,10.75,12,4,7,9.25,13,8.89421052631579,14,12,"MR","13",0.506,0.408000000000001
"8","8","MR13",12.96666667,15,0.315642661,0.684357339,18.071,39.18045,11,12,11.0344827586207,6.89676470588235,9.25785714285714,8.4372602739726,9.95285714285714,9.5,4.27025641025641,4.47481927710843,6,11,8.89421052631579,13.5,9.61527777777778,"MR","13",0.684357339,21.10945
"9","9","MR13",12.83333333,17.5157303370787,0.485270473,0.514729527,54.327,57.625,8.308375,10.1546835443038,11.0344827586207,6.89676470588235,9.25785714285714,8.4372602739726,9.95285714285714,9.09294871794872,4.27025641025641,4.47481927710843,6.15823529411765,10.6788059701493,8.89421052631579,12.0907142857143,9.61527777777778,"MR","13",0.514729527,3.298
"10","10","MR13",13.1,14.8,0.441306267,0.558693733,8.5,10.761,9,11,11.0344827586207,6.89676470588235,9.25785714285714,10,11,10,8,5,6,12,8.89421052631579,12,9.61527777777778,"MR","13",0.558693733,2.261
"11","11","MR13",13.4,17.5157303370787,0.582191781,0.417808219,11.56,8.296,8.308375,10.1546835443038,11.0344827586207,6.89676470588235,9.25785714285714,8.4372602739726,9.95285714285714,9.09294871794872,4.27025641025641,4.47481927710843,6.15823529411765,10.6788059701493,8.89421052631579,12.0907142857143,9.61527777777778,"MR","13",0.417808219,-3.264
"12","12","MR10",10.33333333,17.5157303370787,0.316165951,0.683834049,15.028,32.504,8.308375,10.1546835443038,11.0344827586207,6.89676470588235,9.25785714285714,8.4372602739726,9.95285714285714,9.09294871794872,4.27025641025641,4.47481927710843,6.15823529411765,10.6788059701493,8.89421052631579,12.0907142857143,9.61527777777778,"MR","10",0.683834049,17.476
"13","13","MR10",10.06666667,14,0.429761905,0.570238095,12.274,16.286,7.5,11,11.0344827586207,8,10,10,10,10.5,6,3.5,6,11,8.89421052631579,12,9,"MR","10",0.570238095,4.012
"14","14","MR13",12.83333333,14,0.5,0.5,60,60,5,11,11,6,8,6,11,10,1,2,6,12,10,13,10,"MR","13",0.5,0
"15","15","MR10",9.8,12.2,0.157411669,0.842588331,5.814,31.121,7,8,11.0344827586207,9,9,7,9.95285714285714,6,4,6,4,9,11,10,10,"MR","10",0.842588331,25.307
"16","16","MR13",12.76666667,17.5157303370787,0.583934584,0.416065416,20.638,14.705,8.308375,10.1546835443038,11.0344827586207,6.89676470588235,9.25785714285714,8.4372602739726,9.95285714285714,9.09294871794872,4.27025641025641,4.47481927710843,6.15823529411765,10.6788059701493,8.89421052631579,12.0907142857143,9.61527777777778,"MR","13",0.416065416,-5.933
"17","17","MR10",10.26666667,17.5157303370787,0.391520244,0.608479756,17.425,27.081,8.308375,10.1546835443038,11.0344827586207,6.89676470588235,9.25785714285714,8.4372602739726,9.95285714285714,9.09294871794872,4.27025641025641,4.47481927710843,6.15823529411765,10.6788059701493,8.89421052631579,12.0907142857143,9.61527777777778,"MR","10",0.608479756,9.656
"18","18","MR10",9.666666667,10.7,0.370714286,0.629285714,8.823,14.977,9.4,10.5,11.0344827586207,9,10,9,9,9,4,4.5,6.7,10,8.89421052631579,12.0907142857143,9,"MR","10",0.629285714,6.154
"19","19","MR10",10.3,12.6,0.5,0.5,60,60,7,12,11.0344827586207,7,11.5,10,12,11,4,3.5,6,10.6788059701493,10,12.0907142857143,9.61527777777778,"MR","10",0.5,0
"20","20","MR13",12.83333333,17.5157303370787,0.279751732,0.720248268,6.22,16.014,8.308375,10.1546835443038,11.0344827586207,6.89676470588235,9.25785714285714,8.4372602739726,9.95285714285714,9.09294871794872,4.27025641025641,4.47481927710843,6.15823529411765,10.6788059701493,8.89421052631579,12.0907142857143,9.61527777777778,"MR","13",0.720248268,9.794
"21","21","MR10",9.466666667,10.6,0.481642994,0.518357006,46.388,49.924,7,9.5,11.0344827586207,6.5,10,8,10,9.5,3.5,4,5,9,9,12.0907142857143,9.61527777777778,"MR","10",0.518357006,3.536
"22","22","MR10",9.466666667,9.5,0.510416667,0.489583333,6.664,6.392,10,10,10,8,9,9,9.95285714285714,10,6,5,7,10,8,12.0907142857143,9.61527777777778,"MR","10",0.489583333,-0.271999999999999
"23","23","MR13",12.73333333,12.7,0.381055489,0.618944511,24.99,40.591,6,8,11.0344827586207,7,9,7,12,7,5,5,6,11,3,12,10,"MR","13",0.618944511,15.601
"24","24","MR13",12.83333333,17.5157303370787,0.135094566,0.864905434,7.65,48.977,8.308375,10.1546835443038,11.0344827586207,6.89676470588235,9.25785714285714,8.4372602739726,9.95285714285714,9.09294871794872,4.27025641025641,4.47481927710843,6.15823529411765,10.6788059701493,8.89421052631579,12.0907142857143,9.61527777777778,"MR","13",0.864905434,41.327
"25","25","MR13",12.56666667,12.6,0.603160667,0.396839333,11.679,7.684,7,9,10,6,10,9,9,8,4,4,5,8,10,10,10,"MR","13",0.396839333,-3.995
"26","26","MR13",12.56666667,12.6,0.449341439,0.550658561,15.079,18.479,6.5,10.5,11.0344827586207,6.89676470588235,9.25785714285714,8.4372602739726,9,9.09294871794872,4.27025641025641,5,6.15823529411765,10.6788059701493,11,12.0907142857143,11.5,"MR","13",0.550658561,3.4
"27","27","MR13",13,13,0.476331361,0.523668639,10.948,12.036,10,10,11,5,9,10,12,10.5,1,3,7.5,10.6788059701493,9,12.0907142857143,12,"MR","13",0.523668639,1.088
"28","28","MR10",10.26666667,12.7,0.352201258,0.647798742,7.616,14.008,6,9,11,8,8,10,9,7,8,7,8,11,8,12,7,"MR","10",0.647798742,6.392
"29","29","MR10",9.8,9.8,0.407671722,0.592328278,7.769,11.288,9,10.1546835443038,11.0344827586207,6,7,7,9,9,2,4,5,10.6788059701493,6,12.0907142857143,7,"MR","10",0.592328278,3.519
"30","30","MR10",9.566666667,10.5,0.308854385,0.691145615,12.512,27.999,8.308375,10.1546835443038,11.0344827586207,6.89676470588235,7,9,9.95285714285714,9.09294871794872,3.5,4,6,10.6788059701493,5,12.0907142857143,9.61527777777778,"MR","10",0.691145615,15.487
"31","31","MR13",13,13,0.309934563,0.690065437,8.857,19.72,8,10,11.0344827586207,8,10,12,11,11,6,8,7,10,11,10,10,"MR","13",0.690065437,10.863
"32","32","MR13",13.4,13.4,0.642971795,0.357028205,47.668,26.469,11,11,9,12,11,7,8,10,5,4,7,10.6788059701493,10,12.0907142857143,9,"MR","13",0.357028205,-21.199
"33","33","MR10",9.966666667,10,0.253170335,0.746829665,17.748,52.355,8.308375,10.1546835443038,11.0344827586207,6.89676470588235,9,8.4372602739726,9.95285714285714,9.09294871794872,4.15,5.15,7.15,10.6788059701493,8.89421052631579,12.0907142857143,9.61527777777778,"MR","10",0.746829665,34.607
"34","34","MR10",9.7,9.7,0.548733691,0.451266309,12.155,9.996,7,9,11.0344827586207,8,7,8,9,9,4,3,6,10.6788059701493,9,12.0907142857143,9,"MR","10",0.451266309,-2.159
"35","35","MR10",10.06666667,10.1,0.522017045,0.477982955,12.495,11.441,9,10,11.0344827586207,8,9,5,9,9,4,7,7,10.6788059701493,8.89421052631579,12.0907142857143,6,"MR","10",0.477982955,-1.054
"36","36","MR10",8.966666667,9.6,0.207333333,0.792666667,10.574,40.426,8,9,8,6.89676470588235,7,8.4372602739726,9,8.5,6,4,5.5,10.6788059701493,7,12.0907142857143,9,"MR","10",0.792666667,29.852
"37","37","MR13",12.86666667,12.9,0.241610738,0.758389262,7.344,23.052,9,11,12,6.89676470588235,8,8,11,10.5,3,5.5,6.5,12,8.89421052631579,12.0907142857143,10,"MR","13",0.758389262,15.708
"38","38","MR13",12.66666667,14.5,0.420596728,0.579403272,14.858,20.468,6,9,10,4.5,8,6,8,8,2.5,3.5,7,8,8.89421052631579,11,8,"MR","13",0.579403272,5.61
"39","39","MR10",9.933333333,9.9,0.466238693,0.533761307,39.945,45.73,8.308375,10,11.0344827586207,4,9,8,9.95285714285714,9.09294871794872,4,3,6,10,9,12.0907142857143,9.61527777777778,"MR","10",0.533761307,5.785
"40","40","MR10",9.866666667,9.9,0.557995495,0.442004505,16.847,13.345,8.308375,10.1546835443038,11.0344827586207,6.89676470588235,9.5,7.5,9,9.09294871794872,4.27025641025641,4.47481927710843,6.15823529411765,9.75,8.89421052631579,12.0907142857143,9,"MR","10",0.442004505,-3.502
"41","41","MR10",9.833333333,9.8,0.567712171,0.432287829,35.44,26.986,8,10.1546835443038,11.0344827586207,8,9.25785714285714,8,9.95285714285714,8,6,5,6,10.6788059701493,9,12.0907142857143,9,"MR","10",0.432287829,-8.454
"42","42","MR13",12.66666667,12.7,0.552287582,0.447712418,25.857,20.961,7,11,11.0344827586207,6.89676470588235,9.25785714285714,8.4372602739726,11,10,5,6,7,11,8.89421052631579,12,9,"MR","13",0.447712418,-4.896
"43","43","MR13",13.43333333,13.4,0.453084648,0.546915352,26.843,32.402,8,11,11,9,8,8,6,9,6,3,4,11,8,13,6,"MR","13",0.546915352,5.559
"44","44","MR13",12.76666667,12.8,0.407035176,0.592964824,17.901,26.078,7,9.5,11.0344827586207,6,8,8,11,8,3,5,6,9,10,10,6,"MR","13",0.592964824,8.177
"45","45","MR13",12.63333333,12.6,0.589928058,0.410071942,19.516,13.566,11.5,11.5,11.0344827586207,4,8,5,9,10.5,3.1,4,5,10.6788059701493,3.2,12.0907142857143,11,"MR","13",0.410071942,-5.95
"46","46","MR13",12.86666667,12.9,0.189333333,0.810666667,7.242,31.008,7,10.5,11.0344827586207,6,9.25785714285714,7,6,8,6,5,6,10,8.89421052631579,12,6,"MR","13",0.810666667,23.766
"47","47","MR13",12.53333333,12.5,0.484787018,0.515212982,8.126,8.636,10,11.5,11.0344827586207,10,7,8,10,11,6,4,6,11.5,11.5,12,8,"MR","13",0.515212982,0.51
"48","48","MR10",10.33333333,10.4,0.416793121,0.583206879,28.016,39.202,6,7,9,7,8,7,9,7,5,4,5,10,6,12.0907142857143,9,"MR","10",0.583206879,11.186
"49","49","MR13",12.86666667,12.9,0.178016726,0.821983274,5.066,23.392,9,9,11.0344827586207,4,8,7,10,7,3,5,6,8.5,7,10,12,"MR","13",0.821983274,18.326
"50","50","MR10",10.2,10.8,0.239370079,0.760629921,5.168,16.422,8,10.5,11.0344827586207,5,10,10,9,9,4,5,6.5,10.6788059701493,9,12.0907142857143,10,"MR","10",0.760629921,11.254
"51","51","MR13",12.66666667,12.9,0.43060355,0.56939645,25.67,33.944,10,8,11.0344827586207,5,5,6,11.5,8.5,5.5,3,6,10.6788059701493,6,12.0907142857143,9.61527777777778,"MR","13",0.56939645,8.274
"52","52","MR10",9.533333333,9.5,0.609964413,0.390035587,14.569,9.316,8.308375,9,11.0344827586207,6.89676470588235,9,7,9.95285714285714,9.09294871794872,3,4,6,10.6788059701493,6,12.0907142857143,9.61527777777778,"MR","10",0.390035587,-5.253
"53","53","MR13",13.06666667,13.1,0.558149919,0.441850081,60,47.498,5,11,11.0344827586207,4,4,9,6,8,1,3,4,12,8.89421052631579,12.0907142857143,6,"MR","13",0.441850081,-12.502
"54","54","MR10",10.46666667,10.5,0.44750496,0.55249504,29.325,36.205,7,9,11.0344827586207,4,6,9,9.95285714285714,8.5,4.27025641025641,2.5,4,10.6788059701493,8.89421052631579,12.0907142857143,9,"MR","10",0.55249504,6.88
"55","55","MR10",9.566666667,9.6,0.554878049,0.445121951,12.376,9.928,6.13,7.5,11.0344827586207,3.5,8,7,6.5,6.25,2,3.37,5.75,8.5,8.5,12.0907142857143,6,"MR","10",0.445121951,-2.448
"56","56","MR10",10.3,10.3,0.445301543,0.554698457,10.795,13.447,10,10.1546835443038,11.0344827586207,4.5,9,8,9.5,9.09294871794872,3.5,4,7.5,10.6788059701493,8.89421052631579,12.0907142857143,9.5,"MR","10",0.554698457,2.652
"57","57","MR10",10.4,10.3,0.690690691,0.309309309,19.55,8.755,10,10.1546835443038,11.0344827586207,4.5,9,8,9.5,9.09294871794872,3.5,4,7.5,10.6788059701493,8.89421052631579,12.0907142857143,9.5,"MR","10",0.309309309,-10.795
"58","58","MR10",10.33333333,10.3,0.512152778,0.487847222,30.09,28.662,7.25,10,11.0344827586207,7.5,10,8.5,9.95285714285714,9.5,4.5,5.5,6,10,8.5,12.0907142857143,9.61527777777778,"MR","10",0.487847222,-1.428
"59","59","MR10",9.866666667,9.9,0.645784996,0.354215004,14.195,7.786,8.308375,10.1546835443038,11.0344827586207,8.5,8.5,9,9.95285714285714,9.09294871794872,8,9,6,5.75,8.89421052631579,12.0907142857143,9.5,"MR","10",0.354215004,-6.409
"60","60","MR10",10.06666667,10.1,0.419681621,0.580318379,14.79,20.451,7,9,11.0344827586207,6.89676470588235,8.5,9,9,7.5,7,3,5,9,6,10,8,"MR","10",0.580318379,5.661
"61","61",NA,NA,9.9,NA,NA,NA,NA,6,6.5,9.5,6.5,9,8.5,9.5,6,2.5,3.5,4,6,4,7.83,9,NA,NA,NA,NA
"62","62",NA,NA,12.9,NA,NA,NA,NA,6.25,7.5,NA,3.5,NA,7,10,7,2.5,3.5,6.5,10.5,3,11,9,NA,NA,NA,NA
"63","63",NA,NA,13,NA,NA,NA,NA,7,9.5,11,7,9,9,11,7,4,NA,6,8,10,10,11,NA,NA,NA,NA
"64","64",NA,NA,13.1,NA,NA,NA,NA,8,11,NA,6,6,7,11,8,6,4.5,6,11,NA,12,10,NA,NA,NA,NA
"65","65",NA,NA,10,NA,NA,NA,NA,7,NA,10,6,9,8,10,7.5,3,5,6,8,9,NA,9,NA,NA,NA,NA
"66","66",NA,NA,10.4,NA,NA,NA,NA,7,9,NA,NA,NA,7.27,NA,7.25,NA,NA,5,NA,8,NA,NA,NA,NA,NA,NA
"67","67","RISK10",10.3667,17.5157303370787,0.59423747,0.40576253,16.19,11.06,8.308375,10.1546835443038,11.0344827586207,6.89676470588235,9.25785714285714,8.4372602739726,9.95285714285714,9.09294871794872,4.27025641025641,4.47481927710843,6.15823529411765,10.6788059701493,8.89421052631579,12.0907142857143,9.61527777777778,"RISK","10",0.59423747,5.13
"68","68","RISK10",10.3667,17.5157303370787,0.41355904,0.58644096,24.68,34.99,8.308375,10.1546835443038,11.0344827586207,6.89676470588235,9.25785714285714,8.4372602739726,9.95285714285714,9.09294871794872,4.27025641025641,4.47481927710843,6.15823529411765,10.6788059701493,8.89421052631579,12.0907142857143,9.61527777777778,"RISK","10",0.41355904,-10.31
"69","69","RISK10",10.2667,22.1,0.62819482,0.37180518,19.54,11.57,9,10,11.0344827586207,6.89676470588235,9.25785714285714,8.5,9.95285714285714,9.5,4.27025641025641,4.47481927710843,6,10.6788059701493,12,14,9.61527777777778,"RISK","10",0.62819482,7.97
"70","70","RISK10",10.3667,22.5,0.62828536,0.37171464,10.04,5.94,8,12,12,9,12,9,12,8,7,6,7,13,6,12,16,"RISK","10",0.62828536,4.1
"71","71","RISK10",10.1,17.5157303370787,0.4620834,0.5379166,14.35,16.71,8.308375,10.1546835443038,11.0344827586207,6.89676470588235,9.25785714285714,8.4372602739726,9.95285714285714,9.09294871794872,4.27025641025641,4.47481927710843,6.15823529411765,10.6788059701493,8.89421052631579,12.0907142857143,9.61527777777778,"RISK","10",0.4620834,-2.36
"72","72","RISK10",10.5333,22.3,0.48476229,0.51523771,11.93,12.68,6.5,8,8,7.5,8,7,7.5,6.2,4.5,4.07,5,4.43,9,10.3,10,"RISK","10",0.48476229,-0.75
"73","73","RISK10",10.0667,21.2,0.56094151,0.43905849,24.07,18.84,8,10.5,11.0344827586207,6,12,6,12,10,4.5,4,5.5,12,8.89421052631579,13.5,12,"RISK","10",0.56094151,5.23
"74","74","RISK10",9.7667,20.9,0.67677913,0.32322087,23.87,11.4,6,11,15,7,11,10,11,6.5,3,4,4,12,10,12.75,11,"RISK","10",0.67677913,12.47
"75","75","RISK10",10.2667,17.5157303370787,0.76205336,0.23794664,24.42,7.63,8.308375,10.1546835443038,11.0344827586207,6.89676470588235,9.25785714285714,8.4372602739726,9.95285714285714,9.09294871794872,4.27025641025641,4.47481927710843,6.15823529411765,10.6788059701493,8.89421052631579,12.0907142857143,9.61527777777778,"RISK","10",0.76205336,16.79
"76","76","RISK10",9.9333,17.5157303370787,0.73397555,0.26602445,29.72,10.77,8.308375,10.1546835443038,11.0344827586207,6.89676470588235,9.25785714285714,8.4372602739726,9.95285714285714,9.09294871794872,4.27025641025641,4.47481927710843,6.15823529411765,10.6788059701493,8.89421052631579,12.0907142857143,9.61527777777778,"RISK","10",0.73397555,18.95
"77","77","RISK10",10.6333,22.6,0.52951144,0.47048856,9.38,8.33,9,10.5,11.0344827586207,7,6.5,9,10,9.25,3,5.5,6,14,8.89421052631579,14.5,7,"RISK","10",0.52951144,1.05
"78","78","RISK10",10.0667,20.3,0.39440449,0.60559551,22.49,34.53,10,11,11.0344827586207,6.89676470588235,9.25785714285714,8.4372602739726,12,9.09294871794872,4.27025641025641,4.47481927710843,7,12,9,13,12,"RISK","10",0.39440449,-12.04
"79","79","RISK10",9.8,17.5157303370787,0.2918955,0.7081045,19.67,47.71,8.308375,10.1546835443038,11.0344827586207,6.89676470588235,9.25785714285714,8.4372602739726,9.95285714285714,9.09294871794872,4.27025641025641,4.47481927710843,6.15823529411765,10.6788059701493,8.89421052631579,12.0907142857143,9.61527777777778,"RISK","10",0.2918955,-28.04
"80","80","RISK10",10.6,22.8,0.6664776,0.3335224,17.63,8.82,8.308375,10.1546835443038,11.0344827586207,6.89676470588235,9.25785714285714,8.4372602739726,9.95285714285714,9.09294871794872,4.27025641025641,4.47481927710843,6.15823529411765,10.6788059701493,8.89421052631579,12.0907142857143,9.61527777777778,"RISK","10",0.6664776,8.81
"81","81","RISK10",10.2333,20.4,0.61828069,0.38171931,14.78,9.13,11,13,11.0344827586207,11,16,10,6,10,3,6,8,11,8.89421052631579,15,5,"RISK","10",0.61828069,5.65
"82","82","RISK10",9.6,20.3,0.60326531,0.39673469,11.09,7.29,8,10,12,8,8,8,12,8,6,4,6,11,12,12,12,"RISK","10",0.60326531,3.8
"83","83","RISK10",10.0333,17.5157303370787,0.37311853,0.62688147,15.87,26.66,8.308375,10.1546835443038,11.0344827586207,6.89676470588235,9.25785714285714,8.4372602739726,9.95285714285714,9.09294871794872,4.27025641025641,4.47481927710843,6.15823529411765,10.6788059701493,8.89421052631579,12.0907142857143,9.61527777777778,"RISK","10",0.37311853,-10.79
"84","84","RISK10",10.1667,17.5157303370787,0.47751149,0.52248851,14.55,15.92,8.308375,10.1546835443038,11.0344827586207,6.89676470588235,9.25785714285714,8.4372602739726,9.95285714285714,9.09294871794872,4.27025641025641,4.47481927710843,6.15823529411765,10.6788059701493,8.89421052631579,12.0907142857143,9.61527777777778,"RISK","10",0.47751149,-1.37
"85","85","RISK10",9.8333,17.5157303370787,0.28803578,0.71196422,19.32,47.76,8.308375,10.1546835443038,11.0344827586207,6.89676470588235,9.25785714285714,8.4372602739726,9.95285714285714,9.09294871794872,4.27025641025641,4.47481927710843,6.15823529411765,10.6788059701493,8.89421052631579,12.0907142857143,9.61527777777778,"RISK","10",0.28803578,-28.44
"86","86","RISK10",10.3667,17.5157303370787,0.32103166,0.67896834,7.66,16.19,8.308375,10.1546835443038,11.0344827586207,6.89676470588235,9.25785714285714,8.4372602739726,9.95285714285714,9.09294871794872,4.27025641025641,4.47481927710843,6.15823529411765,10.6788059701493,8.89421052631579,12.0907142857143,9.61527777777778,"RISK","10",0.32103166,-8.53
"87","87","RISK10",9.6333,20.2,0.75194565,0.24805435,30.44,10.04,7,10,9,7,13,8,11,10,3,5,7,11,9,12,12,"RISK","10",0.75194565,20.4
"88","88","RISK10",10.4667,20.5,0.55365517,0.44634483,20.07,16.18,8,9,16,11,7,8.4372602739726,9,10,4,5,5,10,14,14,12,"RISK","10",0.55365517,3.89
"89","89","RISK10",9.6333,17.5157303370787,0.34104478,0.65895522,16,30.91,8.308375,10.1546835443038,11.0344827586207,6.89676470588235,9.25785714285714,8.4372602739726,9.95285714285714,9.09294871794872,4.27025641025641,4.47481927710843,6.15823529411765,10.6788059701493,8.89421052631579,12.0907142857143,9.61527777777778,"RISK","10",0.34104478,-14.91
"90","90","RISK10",10.1,17.5157303370787,0.57621486,0.42378514,32.08,23.59,8.308375,10.1546835443038,11.0344827586207,6.89676470588235,9.25785714285714,8.4372602739726,9.95285714285714,9.09294871794872,4.27025641025641,4.47481927710843,6.15823529411765,10.6788059701493,8.89421052631579,12.0907142857143,9.61527777777778,"RISK","10",0.57621486,8.49
"91","91","RISK10",10.233,19.2,0.19541328,0.80458672,4.09,16.84,9.57,11.97,10.6,8.13,14,11.27,14,11.2,6.83,5.97,7.27,12.2,9.07,12,11.1,"RISK","10",0.19541328,-12.75
"92","92","RISK10",10.0333,21.6,0.54316912,0.45683088,21.39,17.99,8.308375,12,11.0344827586207,7,9,7,14,10,10,6,6,11,18,12,12,"RISK","10",0.54316912,3.4
"93","93","RISK10",10.3,19.2,0.54578474,0.45421526,14.28,11.88,10.8,10.8,12,9.6,13.6,13.2,14.4,13.2,7.2,4.8,8.4,13.2,7.2,12,13.2,"RISK","10",0.54578474,2.4
"94","94","RISK10",9.7333,18,0.40696943,0.59303057,16.18,23.57,10,9,9,12,12,13,12,9,4,2,7,11,14,13,13,"RISK","10",0.40696943,-7.39
"95","95","RISK10",9.9667,17.5157303370787,0.30727638,0.69272362,9.95,22.42,8.308375,10.1546835443038,11.0344827586207,6.89676470588235,9.25785714285714,8.4372602739726,9.95285714285714,9.09294871794872,4.27025641025641,4.47481927710843,6.15823529411765,10.6788059701493,8.89421052631579,12.0907142857143,9.61527777777778,"RISK","10",0.30727638,-12.47
"96","96","RISK10",10.4,22.7,0.40508744,0.59491256,6.37,9.36,8.308375,13,11.0344827586207,6.89676470588235,9.25785714285714,15,9.95285714285714,12,4.27025641025641,4.47481927710843,6.15823529411765,12,8.89421052631579,14,9.61527777777778,"RISK","10",0.40508744,-2.99
"97","97","RISK10",9.8333,18.8,0.53763099,0.46236901,42.33,36.4,9,10,9,4,5,6,12,9,2,4,8,12,9,12,10,"RISK","10",0.53763099,5.93
"98","98","RISK10",10.5667,18.9,0.66953077,0.33046923,60,29.62,9,8,7,8,11,9,14,7,4,4,7,9,8,13,11,"RISK","10",0.66953077,30.38
"99","99","RISK13",12.867,17.5157303370787,0.60786885,0.39213115,37.08,23.92,8.308375,10.1546835443038,11.0344827586207,6.89676470588235,9.25785714285714,8.4372602739726,9.95285714285714,9.09294871794872,4.27025641025641,4.47481927710843,6.15823529411765,10.6788059701493,8.89421052631579,12.0907142857143,9.61527777777778,"RISK","13",0.60786885,13.16
"100","100","RISK13",13.4,33.7,0.63946188,0.36053812,14.26,8.04,8.4,10.8,8.4,6,7.2,7.2,5.4,8.4,2.4,3,4.08,10.8,8.89421052631579,13.2,6,"RISK","13",0.63946188,6.22
"101","101","RISK13",13.1,17.5157303370787,0.52927444,0.47072556,14.46,15.04,8.308375,10.1546835443038,11.0344827586207,6.89676470588235,9.25785714285714,8.4372602739726,9.95285714285714,9.09294871794872,4.27025641025641,4.47481927710843,6.15823529411765,10.6788059701493,8.89421052631579,12.0907142857143,9.61527777777778,"RISK","13",0.52927444,-0.579999999999998
"102","102","RISK13",12.567,17.5157303370787,0.77544058,0.22455942,12.82,3.71,8.308375,10.1546835443038,11.0344827586207,6.89676470588235,9.25785714285714,8.4372602739726,9.95285714285714,9.09294871794872,4.27025641025641,4.47481927710843,6.15823529411765,10.6788059701493,8.89421052631579,12.0907142857143,9.61527777777778,"RISK","13",0.77544058,9.11
"103","103","RISK13",13.2,31.1,0.51927096,0.48072904,21.88,21.51,8,10,11.0344827586207,10,18,14,14,10,8,6,8,11,8.89421052631579,11,8,"RISK","13",0.51927096,0.369999999999997
"104","104","RISK13",12.633,30.1,0.53881823,0.46118177,41.62,37.55,10,12,12,6,10,12,6,11,1,1,6,12,6,13.2,8,"RISK","13",0.53881823,4.07
"105","105","RISK13",12.6,30.2,0.59842533,0.40157467,14.99,8.53,8,11,16,2,7,5,7,11,2,5,6.5,11,12,12,9,"RISK","13",0.59842533,6.46
"106","106","RISK13",12.733,17.5157303370787,0.78921059,0.21078941,33.52,9.06,8.308375,10.1546835443038,11.0344827586207,6.89676470588235,9.25785714285714,8.4372602739726,9.95285714285714,9.09294871794872,4.27025641025641,4.47481927710843,6.15823529411765,10.6788059701493,8.89421052631579,12.0907142857143,9.61527777777778,"RISK","13",0.78921059,24.46
"107","107","RISK13",12.567,17.5157303370787,0.39621656,0.60378345,11.6,16.73,8.308375,10.1546835443038,11.0344827586207,6.89676470588235,9.25785714285714,8.4372602739726,9.95285714285714,9.09294871794872,4.27025641025641,4.47481927710843,6.15823529411765,10.6788059701493,8.89421052631579,12.0907142857143,9.61527777777778,"RISK","13",0.39621656,-5.13
"108","108","RISK13",12.567,17.5157303370787,0.48764456,0.51235544,10.39,11.44,8.308375,10.1546835443038,11.0344827586207,6.89676470588235,9.25785714285714,8.4372602739726,9.95285714285714,9.09294871794872,4.27025641025641,4.47481927710843,6.15823529411765,10.6788059701493,8.89421052631579,12.0907142857143,9.61527777777778,"RISK","13",0.48764456,-1.05
"109","109","RISK13",12.567,17.5157303370787,0.39007777,0.60992224,21.04,37.43,8.308375,10.1546835443038,11.0344827586207,6.89676470588235,9.25785714285714,8.4372602739726,9.95285714285714,9.09294871794872,4.27025641025641,4.47481927710843,6.15823529411765,10.6788059701493,8.89421052631579,12.0907142857143,9.61527777777778,"RISK","13",0.39007777,-16.39
"110","110","RISK13",13.467,31.6,0.55009065,0.44990936,15.71,14.84,7.5,10,11.0344827586207,9,13,7,10,10,2,3.5,5,11,8.89421052631579,11.25,9,"RISK","13",0.55009065,0.870000000000001
"111","111","RISK13",13.233,28.9,0.33967572,0.66032428,15.62,27.81,6.5,8,11.0344827586207,6.89676470588235,9.25785714285714,8.4372602739726,8,7,3.5,4.5,8,10,8.89421052631579,10.5,11,"RISK","13",0.33967572,-12.19
"112","112","RISK13",12.767,30.2,0.56444819,0.43555181,13.4,10.34,14,10.5,11.0344827586207,6,8,8,7,10,5,6,6.5,10.5,8.89421052631579,10.5,12,"RISK","13",0.56444819,3.06
"113","113","RISK13",12.767,30.2,0.66573816,0.33426184,14.34,7.2,7,8,11.0344827586207,3,9.25785714285714,8.4372602739726,11,8,2,5,6,12,10,13,12,"RISK","13",0.66573816,7.14
"114","114","RISK13",12.767,17.5157303370787,0.37709724,0.62290277,35.69,50.44,8.308375,10.1546835443038,11.0344827586207,6.89676470588235,9.25785714285714,8.4372602739726,9.95285714285714,9.09294871794872,4.27025641025641,4.47481927710843,6.15823529411765,10.6788059701493,8.89421052631579,12.0907142857143,9.61527777777778,"RISK","13",0.37709724,-14.75
"115","115","RISK13",12.567,31.7,0.52432725,0.47567275,36.59,39.02,9,16,11.0344827586207,6.89676470588235,9.25785714285714,8.4372602739726,9.95285714285714,10,2,5,6,16,11,16,11,"RISK","13",0.52432725,-2.43
"116","116","RISK13",13.1,31.3,0.37291402,0.62708598,22.45,42.66,10,8.5,11.0344827586207,6.89676470588235,9.25785714285714,7,9.95285714285714,7.75,3,2.5,6,7.75,6,13,8,"RISK","13",0.37291402,-20.21
"117","117","RISK13",12.767,30.1,0.46805528,0.53194472,12.24,13.16,9,12,11.0344827586207,6.89676470588235,9.25785714285714,8.4372602739726,9.95285714285714,10,4.27025641025641,4,6,12,8.89421052631579,13,9.61527777777778,"RISK","13",0.46805528,-0.92
"118","118","RISK13",12.9,17.5157303370787,0.44857359,0.55142641,8.48,9.82,8.308375,10.1546835443038,11.0344827586207,6.89676470588235,9.25785714285714,8.4372602739726,9.95285714285714,9.09294871794872,4.27025641025641,4.47481927710843,6.15823529411765,10.6788059701493,8.89421052631579,12.0907142857143,9.61527777777778,"RISK","13",0.44857359,-1.34
"119","119","RISK13",13.167,17.5157303370787,0.65688355,0.34311645,60,32,8.308375,10.1546835443038,11.0344827586207,6.89676470588235,9.25785714285714,8.4372602739726,9.95285714285714,9.09294871794872,4.27025641025641,4.47481927710843,6.15823529411765,10.6788059701493,8.89421052631579,12.0907142857143,9.61527777777778,"RISK","13",0.65688355,28
"120","120","RISK13",12.6,17.5157303370787,0.538491,0.461509,20.91,19.39,8.308375,10.1546835443038,11.0344827586207,6.89676470588235,9.25785714285714,8.4372602739726,9.95285714285714,9.09294871794872,4.27025641025641,4.47481927710843,6.15823529411765,10.6788059701493,8.89421052631579,12.0907142857143,9.61527777777778,"RISK","13",0.538491,1.52
"121","121","RISK13",12.833,17.5157303370787,0.63750377,0.36249623,37.59,19.76,8.308375,10.1546835443038,11.0344827586207,6.89676470588235,9.25785714285714,8.4372602739726,9.95285714285714,9.09294871794872,4.27025641025641,4.47481927710843,6.15823529411765,10.6788059701493,8.89421052631579,12.0907142857143,9.61527777777778,"RISK","13",0.63750377,17.83
"122","122","RISK13",13.067,31,0.70845838,0.29154162,23.71,8.54,7,8,11.0344827586207,7,7,8,9.95285714285714,7,5.5,3,5,10,11,10,7,"RISK","13",0.70845838,15.17
"123","123","RISK13",12.933,30,0.64370569,0.35629431,52.59,35.96,10,11,11.0344827586207,3.5,8,8.4372602739726,6,9,2.25,3.25,7,13,12,13,10,"RISK","13",0.64370569,16.63
"124","124","RISK13",13.1,17.5157303370787,0.61275139,0.38724861,14.32,9.05,8.308375,10.1546835443038,11.0344827586207,6.89676470588235,9.25785714285714,8.4372602739726,9.95285714285714,9.09294871794872,4.27025641025641,4.47481927710843,6.15823529411765,10.6788059701493,8.89421052631579,12.0907142857143,9.61527777777778,"RISK","13",0.61275139,5.27
"125","125","RISK13",13.133,31.8,0.61721353,0.38278647,22.62,11.03,10,8.5,11.0344827586207,5,9.25785714285714,8,9.95285714285714,7,3,4,5.5,7,6,10,9.61527777777778,"RISK","13",0.61721353,11.59
"126","126","RISK13",12.967,17.5157303370787,0.67898166,0.32101834,29.93,8.59,8.308375,10.1546835443038,11.0344827586207,6.89676470588235,9.25785714285714,8.4372602739726,9.95285714285714,9.09294871794872,4.27025641025641,4.47481927710843,6.15823529411765,10.6788059701493,8.89421052631579,12.0907142857143,9.61527777777778,"RISK","13",0.67898166,21.34
"127","127","RISK13",12.967,30.2,0.36904926,0.63095074,31.44,49.11,9,11,18,12,12,11,12,10,3,5,6,12,6,12,8,"RISK","13",0.36904926,-17.67
"128","128","RISK13",12.833,17.5157303370787,0.55768333,0.44231668,47.76,37.88,8.308375,10.1546835443038,11.0344827586207,6.89676470588235,9.25785714285714,8.4372602739726,9.95285714285714,9.09294871794872,4.27025641025641,4.47481927710843,6.15823529411765,10.6788059701493,8.89421052631579,12.0907142857143,9.61527777777778,"RISK","13",0.55768333,9.88
"129","129","RISK13",12.633,32.2,0.38301045,0.61698955,14.91,24.36,8,11,15,6,12,11,12,10,5,5,6,12,7,12,10,"RISK","13",0.38301045,-9.45
"130","130","RISK13",13,30.2,0.497116,0.502884,23.27,23.54,4,9,11.0344827586207,6.5,8,6.75,10,8,8,3.5,5.5,9.5,8,9.5,10,"RISK","13",0.497116,-0.27
