reliability,sex,subj,agem,experiment,exp,cost,HV_side,first_test,first_fam,first_test_scene,prefam_config,prefam_firstevent,prefam_1,prefam_2,fam1,fam2,fam3,fam4,fam5,fam6,test1,test2,test3,test4,avg_fam,sum_fam,avg.lower,avg.higher,lower1,lower2,higher1,higher2,prop.lower,prop.higher,pref.raw,pre.low,pre.high
,m,S1_1,10.5,LUTS.Exp.1,,Barriers,left,HV,HL,,,,,,60,60,60,60,59.12,9.75,32.8,6.38,14.2,60,51.48,308.87,33.19,23.5,6.38,60,32.8,14.2,0.48573176,0.51426824,LV,,
,f,S1_10,9.9,LUTS.Exp.1,,Barriers,left,LV,LH,,,,,,60,60,50.06,23.11,13.93,14.26,54.04,20.82,11.82,19.46,36.89,221.36,32.93,20.14,54.04,11.82,20.82,19.46,0.54987904,0.45012096,LV,,
,m,S1_11,9.8,LUTS.Exp.1,,Barriers,left,HV,HL,,,,,,60,60,48.73,60,29.89,36.65,52.47,18.15,34.18,30.82,49.21,295.27,24.49,43.33,18.15,30.82,52.47,34.18,0.3655816,0.6344184,HV,,
,m,S1_12,9.9,LUTS.Exp.1,,Barriers,right,LV,LH,,,,,,60,60,60,37.15,13.48,51.68,33.26,45.95,5.65,14.07,47.05,282.31,19.46,30.01,33.26,5.65,45.95,14.07,0.35320382,0.64679618,HV,,
,f,S1_13,10.167,LUTS.Exp.1,,Barriers,right,HV,LH,,,,,,60,60,60,40.67,28.57,10.77,7.22,6.86,6.5,NA,43.34,260.01,6.86,6.86,6.86,NA,7.22,6.5,0.48721591,0.51278409,HV,,
,f,S1_14,9.967,LUTS.Exp.1,,Barriers,right,LV,HL,,,,,,60,11.14,56.06,60,32.97,28.77,17.37,9.95,12.22,6.71,41.49,248.94,14.8,8.33,17.37,12.22,9.95,6.71,0.64066707,0.35933293,LV,,
,f,S1_15,9.867,LUTS.Exp.1,,Barriers,left,HV,LH,,,,,,50.16,60,14.5,60,26.02,15.39,30.25,27.23,9.85,NA,37.68,226.07,27.23,20.05,27.23,NA,30.25,9.85,0.47372999,0.52627001,LV,,
,f,S1_16,9.633,LUTS.Exp.1,,Barriers,right,HV,HL,,,,,,60,60,60,60,60,38.72,60,41.59,16.9,48.4,56.45,338.72,45,38.45,41.59,48.4,60,16.9,0.57529259,0.42470741,LV,,
,f,S1_17,9.733,LUTS.Exp.1,,Barriers,right,HV,LH,,,,,,60,60,60,4.78,60,10.76,12.44,13.5,60,10.31,42.59,255.54,11.91,36.22,13.5,10.31,12.44,60,0.33353405,0.66646596,HV,,
,f,S1_18,9.433,LUTS.Exp.1,,Barriers,left,HV,HL,,,,,,60,60,37.77,60,54.53,12.2,20.6,54.48,9.27,8.19,47.42,284.5,31.34,14.94,54.48,8.19,20.6,9.27,0.59734908,0.40265092,LV,,
,m,S1_19,10.267,LUTS.Exp.1,,Barriers,right,LV,LH,,,,,,60,60,48.29,5.38,12.77,19.32,11.17,11.4,11.8,10.24,34.29,205.76,11.49,10.82,11.17,11.8,11.4,10.24,0.51514747,0.48485253,LV,,
,f,S1_2,9.6,LUTS.Exp.1,,Barriers,left,LV,HL,,,,,,60,60,37.83,25.99,56.68,38.89,17.48,60,26.73,7.2,46.57,279.39,22.11,33.6,17.48,26.73,60,7.2,0.50670251,0.49329749,HV,,
,m,S1_20,10.533,LUTS.Exp.1,,Barriers,right,LV,HL,,,,,,60,60,46.36,18.56,10.22,13.45,46.77,18.05,57.4,13.34,34.77,208.59,52.09,15.7,46.77,57.4,18.05,13.34,0.76647934,0.23352066,LV,,
,f,S1_21,10.067,LUTS.Exp.1,,Barriers,left,LV,HL,,,,,,60,16.2,25.8,60,6.78,16.06,36.1,8.3,8.53,8.41,30.81,184.84,22.32,8.36,36.1,8.53,8.3,8.41,0.65830249,0.34169751,LV,,
,f,S1_22,10.433,LUTS.Exp.1,,Barriers,right,HV,HL,,,,,,60,60,60,29.98,19.33,46.7,22.1,8.45,8.92,30.49,46,276.01,19.47,15.51,8.45,30.49,22.1,8.92,0.52512863,0.47487137,LV,,
,m,S1_23,9.967,LUTS.Exp.1,,Barriers,left,HV,LH,,,,,,60,29.65,17.41,25.62,19.66,25.89,8.67,22.46,21.8,21.91,29.71,178.23,22.19,15.24,22.46,21.91,8.67,21.8,0.61137441,0.38862559,LV,,
,f,S1_24,9.667,LUTS.Exp.1,,Barriers,left,LV,LH,,,,,,60,60,60,7.87,60,9.06,59.25,48.48,30.86,29.82,42.82,256.93,45.06,39.15,59.25,30.86,48.48,29.82,0.52927781,0.47072219,LV,,
,f,S1_3,9.7,LUTS.Exp.1,,Barriers,right,HV,HL,,,,,,60,60,60,60,18.18,10.7,60,60,18.46,52.83,44.81,268.88,56.42,39.23,60,52.83,60,18.46,0.62052883,0.37947117,LV,,
,m,S1_4,9.867,LUTS.Exp.1,,Barriers,left,HV,LH,,,,,,60,31.28,4.94,4.97,3.77,4.17,15.26,21.75,13.12,24.77,18.19,109.13,23.26,14.19,21.75,24.77,15.26,13.12,0.62070675,0.37929325,LV,,
,m,S1_5,10.1,LUTS.Exp.1,,Barriers,right,LV,HL,,,,,,60,60,60,60,60,60,42.11,45.75,9.08,8.59,60,360,25.6,27.17,42.11,9.08,45.75,8.59,0.49657527,0.50342473,HV,,
,f,S1_6,9.733,LUTS.Exp.1,,Barriers,left,LV,LH,,,,,,60,60,60,54.82,41.28,19.1,23.59,6.99,6.06,7.47,49.2,295.2,14.83,7.23,23.59,6.06,6.99,7.47,0.6096564,0.3903436,LV,,
,m,S1_7,9.9,LUTS.Exp.1,,Barriers,right,LV,LH,,,,,,60,60,60,12.31,28.68,6.3,60,47.76,32.3,8.25,37.88,227.29,46.15,28.01,60,32.3,47.76,8.25,0.67667017,0.32332983,LV,,
,f,S1_8,9.8,LUTS.Exp.1,,Barriers,right,HV,LH,,,,,,60,60,55.23,60,60,60,3.31,12.66,1.71,17.33,59.21,355.23,15,2.51,12.66,17.33,3.31,1.71,0.85146273,0.14853727,LV,,
,f,S1_9,10.267,LUTS.Exp.1,,Barriers,left,LV,HL,,,,,,60,60,60,60,60,60,58.83,17.33,58.3,10.47,60,360,58.57,13.9,58.83,58.3,17.33,10.47,0.81010306,0.18989694,LV,,
,m,S2_1,9.8,LUTS.Exp.2,,Ramps,right,HV,LH,,,,,,60,60,35.95,60,60,60,60,21.71,42.63,29.38,55.99,335.95,25.55,51.32,21.71,29.38,60,42.63,0.33684732,0.66315268,HV,,
,f,S2_10,10,LUTS.Exp.2,,Ramps,left,HV,HL,,,,,,60,32.04,44.79,9.57,16.39,8.64,23.13,18.09,41.01,60,28.57,171.43,39.05,32.07,18.09,60,23.13,41.01,0.51643261,0.48356739,LV,,
,m,S2_11,9.633,LUTS.Exp.2,,Ramps,left,LV,LH,,,,,,60,17.3,56.6,8.78,22.8,3.57,18.43,28.93,28.25,37.67,28.18,169.05,23.34,33.3,18.43,28.25,28.93,37.67,0.40884836,0.59115164,HV,,
,f,S2_12,9.9,LUTS.Exp.2,,Ramps,right,HV,HL,,,,,,60,60,33.27,28.59,9.62,11.77,24.52,13.98,60,57.99,33.88,203.25,35.99,42.26,13.98,57.99,24.52,60,0.42729961,0.57270039,HV,,
,f,S2_13,9.833,LUTS.Exp.2,,Ramps,right,LV,LH,,,,,,60,60,27.3,46.19,10.87,2.59,60,28.25,5.63,4.28,34.49,206.95,32.82,16.27,60,5.63,28.25,4.28,0.62399985,0.37600015,LV,,
,f,S2_14,9.467,LUTS.Exp.2,,Ramps,left,HV,LH,,,,,,60,60,49.32,46.89,60,54.65,60,60,58.09,44.37,55.14,330.86,52.19,59.05,60,44.37,60,58.09,0.46652352,0.53347648,HV,,
,f,S2_15,10.2,LUTS.Exp.2,,Ramps,left,LV,HL,,,,,,60,60,17.03,11.44,13.98,22.25,21.76,7.3,16.6,5.53,30.78,184.7,19.18,6.42,21.76,16.6,7.3,5.53,0.74945428,0.25054572,LV,,
,m,S2_16,9.767,LUTS.Exp.2,,Ramps,right,LV,HL,,,,,,60,48.48,23.17,23.41,9.15,33.17,30.07,7.86,19.51,7.85,32.9,197.38,24.79,7.86,30.07,19.51,7.86,7.85,0.75293048,0.24706952,LV,,
,f,S2_17,9.9,LUTS.Exp.2,,Ramps,right,HV,HL,,,,,,36.02,50.71,16.32,60,21.76,3.93,39.69,12.81,8.35,36.23,31.46,188.74,24.52,24.02,12.81,36.23,39.69,8.35,0.52834814,0.47165186,LV,,
,m,S2_18,9.7,LUTS.Exp.2,,Ramps,left,HV,HL,,,,,,60,60,60,9.03,14.43,30.57,16.26,23.82,20.68,10.24,39.01,234.03,17.03,18.47,23.82,10.24,16.26,20.68,0.4627443,0.5372557,HV,,
,f,S2_19,10.433,LUTS.Exp.2,,Ramps,right,LV,HL,,,,,,60,45.49,42.38,23.51,21.49,5.23,33.26,NA,17.45,9.93,33.02,198.1,25.36,9.93,33.26,17.45,NA,9.93,0.63732652,0.36267348,LV,,
,m,S2_2,9.833,LUTS.Exp.2,,Ramps,right,LV,HL,,,,,,44.15,12.16,16.31,8.73,7.64,9.01,30.34,27.63,42.5,37.63,16.33,98,36.42,32.63,30.34,42.5,27.63,37.63,0.52688114,0.47311886,LV,,
,f,S2_20,9.467,LUTS.Exp.2,,Ramps,left,LV,LH,,,,,,60,27.99,15.84,2.43,29.42,3.41,60,60,22.41,51.34,23.18,139.09,41.21,55.67,60,22.41,60,51.34,0.4019322,0.5980678,HV,,
,f,S2_21,10.1,LUTS.Exp.2,,Ramps,left,LV,HL,,,,,,60,29.45,24.84,10.06,15.27,28.13,24.35,12.74,7.14,6.29,27.96,167.75,15.75,9.52,24.35,7.14,12.74,6.29,0.59407838,0.40592162,LV,,
,m,S2_22,9.867,LUTS.Exp.2,,Ramps,right,HV,LH,,,,,,60,60,41.53,15.53,33.75,10.47,29.16,60,10.92,7.48,36.88,221.28,33.74,20.04,60,7.48,29.16,10.92,0.53973463,0.46026538,LV,,
,f,S2_23,9.767,LUTS.Exp.2,,Ramps,left,HV,LH,,,,,,60,19.66,17.57,21.47,3.46,21.45,27.88,15.62,3.77,NA,23.94,143.61,15.62,15.83,15.62,NA,27.88,3.77,0.35908046,0.64091954,HV,,
,f,S2_24,9.733,LUTS.Exp.2,,Ramps,right,LV,LH,,,,,,60,60,4.02,60,60,23.88,60,42.29,14.26,13.03,44.65,267.9,37.13,27.66,60,14.26,42.29,13.03,0.55455167,0.44544834,LV,,
,f,S2_3,9.933,LUTS.Exp.2,,Ramps,left,LV,HL,,,,,,60,60,60,60,15.08,3.85,60,8.28,13.89,32.51,43.16,258.93,36.95,20.4,60,13.89,8.28,32.51,0.58904404,0.41095597,LV,,
,m,S2_4,10.167,LUTS.Exp.2,,Ramps,left,HV,HL,,,,,,60,60,60,60,60,18.09,21.19,44.45,7.86,29.89,53.02,318.09,37.17,14.53,44.45,29.89,21.19,7.86,0.73448332,0.26551669,LV,,
,f,S2_5,10.333,LUTS.Exp.2,,Ramps,right,HV,HL,,,,,,60,60,48.59,11.72,3.57,8.68,14.14,12.25,4.93,5.25,32.09,192.56,8.75,9.54,12.25,5.25,14.14,4.93,0.48995404,0.51004596,HV,,
,f,S2_6,9.8,LUTS.Exp.2,,Ramps,right,LV,LH,,,,,,60,31.16,9.79,29.74,47.46,27.64,56.53,16.97,36.16,6.94,34.3,205.79,46.35,11.96,56.53,36.16,16.97,6.94,0.80404738,0.19595262,LV,,
,m,S2_7,9.8,LUTS.Exp.2,,Ramps,left,LV,LH,,,,,,60,36.56,60,22.63,22.55,3.49,12.98,8.55,NA,NA,34.21,205.23,12.98,8.55,12.98,NA,8.55,NA,0.6028797,0.3971203,LV,,
,f,S2_8,10,LUTS.Exp.2,,Ramps,left,HV,LH,,,,,,60,58.74,51.45,60,47.52,60,60,60,60,60,56.29,337.71,60,60,60,60,60,60,0.5,0.5,HV,,
,m,S2_9,9.733,LUTS.Exp.2,,Ramps,right,HV,LH,,,,,,60,60,60,9.64,25.98,3.89,39.64,60,60,32.25,36.59,219.51,46.13,49.82,60,32.25,39.64,60,0.47588065,0.52411935,HV,,
,m,S3_1,9.733,LUTS.Exp.3,,Gap,left,LV,HL,,,,,,60,23.1,60,47.9,24.6,43,39.24,5.47,5.54,4.98,43.1,258.6,22.39,5.23,39.24,5.54,5.47,4.98,0.70213599,0.29786401,LV,,
,f,S3_10,9.767,LUTS.Exp.3,,Gap,right,LV,LH,,,,,,60,21.8,15,26.9,18.6,24.7,29.14,16.7,7.34,13.75,27.83,167,18.24,15.23,29.14,7.34,16.7,13.75,0.4918608,0.5081392,LV,,
,f,S3_11,10.3,LUTS.Exp.3,,Gap,left,HV,HL,,,,,,60,33.5,11.2,15.1,6.1,3.8,23.33,10.68,8.19,6.86,21.62,129.7,8.77,15.76,10.68,6.86,23.33,8.19,0.38491962,0.61508038,HV,,
,m,S3_12,10.3,LUTS.Exp.3,,Gap,right,HV,LH,,,,,,60,60,15.39,55.87,3.58,3.84,5.25,6.86,6.87,7.14,33.11,198.68,7,6.06,6.86,7.14,5.25,6.87,0.53805498,0.46194502,LV,,
,f,S3_13,10.333,LUTS.Exp.3,,Gap,left,HV,LH,,,,,,60,5.4,60,12.7,60,60,17.56,40.4,17.44,12.08,43.02,258.1,26.24,17.5,40.4,12.08,17.56,17.44,0.55312326,0.44687674,LV,,
,m,S3_14,10.267,LUTS.Exp.3,,Gap,left,LV,LH,,,,,,13.2,30.5,21.5,7,36.2,18.4,11.1,14.75,7.13,6.94,21.13,126.8,9.12,10.85,11.1,7.13,14.75,6.94,0.46807617,0.53192383,HV,,
,m,S3_15,9.667,LUTS.Exp.3,,Gap,right,HV,HL,,,,,,34,22.3,33.6,11.7,4.8,12,6.35,3.73,NA,NA,19.73,118.4,3.73,6.35,3.73,NA,6.35,NA,0.37003968,0.62996032,HV,,
,f,S3_16,10.067,LUTS.Exp.3,,Gap,left,HV,LH,,,,,,60,60,4.2,29,17.6,11.3,30.81,7.36,6.75,6.89,30.35,182.1,7.13,18.78,7.36,6.89,30.81,6.75,0.34897678,0.65102322,HV,,
,f,S3_17,9.667,LUTS.Exp.3,,Gap,left,HV,HL,,,,,,60,5,32.4,39.8,34,6.1,60,36.88,42.92,21.61,29.55,177.3,29.25,51.46,36.88,21.61,60,42.92,0.35778006,0.64221994,HV,,
,f,S3_18,10.367,LUTS.Exp.3,,Gap,right,LV,HL,,,,,,60,43.6,28.9,4.1,9.5,13.4,15.9,10.29,18.14,7.18,26.58,159.5,17.02,8.74,15.9,18.14,10.29,7.18,0.66176582,0.33823418,LV,,
,f,S3_19,10.467,LUTS.Exp.3,,Gap,left,HV,HL,,,,,,60,40.4,21.5,33.7,12.8,7.7,31.21,20.72,6.61,5.89,29.35,176.1,13.31,18.91,20.72,5.89,31.21,6.61,0.43509933,0.56490067,HV,,
,m,S3_2,9.867,LUTS.Exp.3,,Gap,right,HV,LH,,,,,,60,27.1,39,60,36.9,20,48.22,37.16,6.52,7.83,40.5,243,22.5,27.37,37.16,7.83,48.22,6.52,0.49043767,0.50956233,HV,,
,m,S3_20,10.433,LUTS.Exp.3,,Gap,right,HV,HL,,,,,,23.6,44.2,23.3,13.4,14.6,5,37.47,32.24,29.39,31.4,20.68,124.1,31.82,33.43,32.24,31.4,37.47,29.39,0.48950989,0.51049011,HV,,
,m,S3_21,9.933,LUTS.Exp.3,,Gap,left,LV,HL,,,,,,50.2,16,13.4,15.5,60,24,60,25.44,32.78,8.67,29.85,179.1,46.39,17.06,60,32.78,25.44,8.67,0.74653976,0.25346024,LV,,
,m,S3_22,10.5,LUTS.Exp.3,,Gap,right,HV,HL,,,,,,60,60,5.5,41,3.6,40.8,8.92,42.02,NA,NA,35.15,210.9,42.02,8.92,42.02,NA,8.92,NA,0.82489203,0.17510797,LV,,
,f,S3_23,9.933,LUTS.Exp.3,,Gap,right,LV,LH,,,,,,47.8,24.2,22.2,6.6,17.4,9.8,46.99,27.75,24.92,3.43,21.33,128,35.96,15.59,46.99,24.92,27.75,3.43,0.75386261,0.24613739,LV,,
,m,S3_24,9.833,LUTS.Exp.3,,Gap,right,HV,HL,,,,,,60,49,5.4,60,60,60,46.24,16.62,9.73,20.95,49.07,294.4,18.79,27.99,16.62,20.95,46.24,9.73,0.47362618,0.52637382,HV,,
,f,S3_25,10,LUTS.Exp.3,,Gap,left,HV,LH,,,,,,60,60,41.6,18.3,11.2,8.5,5.71,5,3.95,6.71,33.27,199.6,5.86,4.83,5,6.71,5.71,3.95,0.54815466,0.45184534,LV,,
,m,S3_26,10.433,LUTS.Exp.3,,Gap,left,LV,LH,,,,,,60,60,13.3,60,15,60,60,40.5,18.18,21.11,44.72,268.3,39.09,30.81,60,18.18,40.5,21.11,0.52986404,0.47013596,LV,,
,m,S3_27,10.333,LUTS.Exp.3,,Gap,left,LV,LH,,,,,,60,60,51.1,23,30.7,60,31.69,8.52,8.5,9.1,47.47,284.8,20.1,8.81,31.69,8.5,8.52,9.1,0.63553348,0.36446652,LV,,
,m,S3_28,9.567,LUTS.Exp.3,,Gap,left,LV,LH,,,,,,56.2,22.6,33.7,7.3,12.8,6.8,21.15,7.27,4.81,13.69,23.23,139.4,12.98,10.48,21.15,4.81,7.27,13.69,0.50209712,0.49790289,LV,,
,m,S3_29,9.667,LUTS.Exp.3,,Gap,right,HV,LH,,,,,,60,38.6,28.9,21.2,49,60,16.52,11.1,20.02,53.89,42.95,257.7,32.5,18.27,11.1,53.89,16.52,20.02,0.56550636,0.43449364,LV,,
,f,S3_3,10.167,LUTS.Exp.3,,Gap,right,LV,HL,,,,,,60,60,60,60,59.4,40.7,60,54.97,60,24.38,56.68,340.1,60,39.68,60,60,54.97,24.38,0.61647212,0.38352788,LV,,
,m,S3_30,9.933,LUTS.Exp.3,,Gap,left,HV,HL,,,,,,60,60,60,60,40.02,60,28.2,24.52,11.1,6.88,56.67,340.02,15.7,19.65,24.52,6.88,28.2,11.1,0.42387301,0.57612699,HV,,
,f,S3_31,9.6,LUTS.Exp.3,,Gap,right,LV,LH,,,,,,60,7.6,4.7,7.5,2.9,27,26.35,25.16,25.12,9.93,18.28,109.7,25.74,17.55,26.35,25.12,25.16,9.93,0.6141208,0.3858792,LV,,
,f,S3_32,9.733,LUTS.Exp.3,,Gap,left,HV,LH,,,,,,60,60,60,60,60,25.1,23.38,8.5,8.32,11.9,54.18,325.1,10.2,15.85,8.5,11.9,23.38,8.32,0.42757553,0.57242447,HV,,
,m,S3_4,9.867,LUTS.Exp.3,,Gap,left,LV,HL,,,,,,47.7,16.2,4.2,32.5,4.5,6.3,19.18,24.32,12.55,12.64,18.57,111.4,15.87,18.48,19.18,12.55,24.32,12.64,0.46956656,0.53043344,HV,,
,f,S3_5,10.167,LUTS.Exp.3,,Gap,right,LV,HL,,,,,,60,60,30.7,14.2,25.6,13,35.96,7.51,12.77,14.45,33.92,203.5,24.37,10.98,35.96,12.77,7.51,14.45,0.64818876,0.35181124,LV,,
,m,S3_6,10.2,LUTS.Exp.3,,Gap,right,HV,LH,,,,,,60,6.5,18.5,38,27.8,37.6,48.52,5.26,5.77,25.96,31.4,188.4,15.61,27.15,5.26,25.96,48.52,5.77,0.45797952,0.54202048,HV,,
,f,S3_7,9.6,LUTS.Exp.3,,Gap,right,LV,HL,,,,,,60,13.1,14.8,60,3.3,60,34.82,9.62,9.11,9.4,35.2,211.2,21.97,9.51,34.82,9.11,9.62,9.4,0.63784738,0.36215263,LV,,
,m,S3_8,10.1,LUTS.Exp.3,,Gap,left,LV,HL,,,,,,60,60,60,30.2,26.1,12.9,45.11,6.83,18.42,4.12,41.53,249.2,31.77,5.48,45.11,18.42,6.83,4.12,0.84285798,0.15714202,LV,,
,f,S3_9,10.233,LUTS.Exp.3,,Gap,right,LV,LH,,,,,,60,60,60,60,50.3,60,60,18.66,32.45,13.85,58.38,350.3,46.23,16.26,60,32.45,18.66,13.85,0.73182022,0.26817978,LV,,
1,f,01-MR,10.06666667,MR10,Exp.3,Risk,,low,fam1,LH,HL,high,26.146,20.774,58.7,60,60,23.6,60,34,47.26,60,60,60,49.38333333,296.3,53.63,60,47.26,60,60,60,0.47197043,0.52802957,higher,20.774,26.146
0,m,03-MR,10.06666667,MR10,Exp.3,Risk,,low,fam2,HL,HL,high,4.59,6.358,60,60,18,11.7,60,60,55.148,9.18,7.31,4.998,44.95,269.7,31.229,7.089,55.148,7.31,9.18,4.998,0.814995563,0.185004437,lower,6.358,4.59
1,f,12-MR,10.33333333,MR10,Exp.3,Risk,,high,fam1,HL,LH,low,14.552,20.774,60,60,23.1,5.2,23.8,13.8,NA - 16.388,16.388,32.504,13.668,30.98333333,185.9,15.028,32.504,16.388,13.668,NA - 16.388,32.504,0.316165951,0.683834049,higher,14.552,20.774
0,f,13-MR,10.06666667,MR10,Exp.3,Risk,,low,fam2,HL,HL,high,5.372,5.678,60,60,60,60,60,60,15.096,16.286,9.452,NA - 3.468,60,360,12.274,16.286,15.096,9.452,16.286,NA - 3.468,0.429761905,0.570238095,higher,5.678,5.372
0,m,15-MR,9.8,MR10,Exp.3,Risk,,high,fam2,LH,LH,low,14.994,11.016,60,60,60,52.5,6.4,3,31.121,5.814,NA - 3.604,NA - 2.108,40.31666667,241.9,5.814,31.121,5.814,NA - 2.108,31.121,NA - 3.604,0.157411669,0.842588331,higher,14.994,11.016
0,f,17-MR,10.26666667,MR10,Exp.3,Risk,,low,fam1,LH,HL,high,10.2,18.19,14.3,11.7,5.9,6.4,6.9,7.1,29.444,31.62,5.406,22.542,8.716666667,52.3,17.425,27.081,29.444,5.406,31.62,22.542,0.391520244,0.608479756,higher,18.19,10.2
0,m,18-MR,9.666666667,MR10,Exp.3,Risk,,low,fam1,LH,HL,high,9.758,8.398,60,23.7,19.1,19.5,4.4,7.3,9.282,21.25,8.364,8.704,22.33333333,134,8.823,14.977,9.282,8.364,21.25,8.704,0.370714286,0.629285714,higher,8.398,9.758
1,m,19-MR,10.3,MR10,Exp.3,Risk,,low,fam1,LH,HL,high,16.966,53.686,60,60,60,60,60,23,60,60,NA - 1.292,NA - 1.088,53.83333333,323,60,60,60,NA - 1.292,60,NA - 1.088,0.5,0.5,lower,53.686,16.966
1,m,21-MR,9.466666667,MR10,Exp.3,Risk,,high,fam1,HL,LH,low,21.998,3.196,60,60,60,60,33.8,28.2,39.848,60,60,32.776,50.33333333,302,46.388,49.924,60,32.776,39.848,60,0.481642994,0.518357006,higher,21.998,3.196
0,f,22-MR,9.466666667,MR10,Exp.3,Risk,,low,fam1,LH,HL,high,9.996,23.358,60,60,60,21.3,10.3,3.2,6.664,6.392,NA - 2.72,NA - 2.788,35.8,214.8,6.664,6.392,6.664,NA - 2.72,6.392,NA - 2.788,0.510416667,0.489583333,lower,23.358,9.996
0,f,28-MR,10.26666667,MR10,Exp.3,Risk,,high,fam1,HL,LH,low,9.622,39.27,60,60,19.3,60,40.3,7.4,NA - 2.21,8.194,14.008,7.038,41.16666667,247,7.616,14.008,8.194,7.038,NA - 2.21,14.008,0.352201258,0.647798742,higher,9.622,39.27
1,f,29-MR,9.8,MR10,Exp.3,Risk,,low,fam2,HL,HL,high,13.226,14.552,48.9,31.8,4.4,4.1,11.8,8.1,9.792,11.288,5.746,NA - 3.808,18.18333333,109.1,7.769,11.288,9.792,5.746,11.288,NA - 3.808,0.407671722,0.592328278,higher,14.552,13.226
0,f,30-MR,9.566666667,MR10,Exp.3,Risk,,high,fam1,HL,LH,low,19.278,8.228,60,35.1,11.4,31.5,3.3,2.8,40.834,12.954,15.164,12.07,24.01666667,144.1,12.512,27.999,12.954,12.07,40.834,15.164,0.308854385,0.691145615,higher,19.278,8.228
1,f,35-MR,9.966666667,MR10,Exp.3,Risk,,high,fam2,LH,LH,low,13.022,12.58,14.2,24.8,60,60,59,60,60,17.918,44.71,17.578,46.33333333,278,17.748,52.355,17.918,17.578,60,44.71,0.253170335,0.746829665,higher,13.022,12.58
0,f,36-MR,9.7,MR10,Exp.3,Risk,,low,fam2,HL,HL,high,10.472,5.76,60,44.9,40,17.1,3.8,3.3,5.134,NA-4.046,19.176,9.996,28.18333333,169.1,12.155,9.996,5.134,19.176,NA-4.046,9.996,0.548733691,0.451266309,lower,5.76,10.472
0,f,37-MR,10.06666667,MR10,Exp.3,Risk,,high,fam1,HL,LH,low,11.288,5.78,60,60,55.2,32.2,19.4,8.6,6.562,4.692,16.32,20.298,39.23333333,235.4,12.495,11.441,4.692,20.298,6.562,16.32,0.522017045,0.477982955,lower,11.288,5.78
0,m,38-MR,8.966666667,MR10,Exp.3,Risk,,low,fam2,HL,HL,high,5.848,4.386,21.8,13.5,11.9,7,4.4,28.5,11.492,40.426,9.656,NA - 2.822,14.51666667,87.1,10.574,40.426,11.492,9.656,40.426,NA - 2.822,0.207333333,0.792666667,higher,4.386,5.848
1,f,41-MR,9.933333333,MR10,Exp.3,Risk,,high,fam2,LH,LH,low,9.35,7.616,43.2,60,21.1,22.2,29.9,6.6,NA-3.06,60,45.73,19.89,30.5,183,39.945,45.73,60,19.89,NA-3.06,45.73,0.466238693,0.533761307,higher,9.35,7.616
1,m,42-MR,9.866666667,MR10,Exp.3,Risk,,high,fam2,LH,LH,low,19.89,12.002,60,60,26.5,21.2,31,11.7,16.218,23.494,10.472,10.2,35.06666667,210.4,16.847,13.345,23.494,10.2,16.218,10.472,0.557995495,0.442004505,lower,19.89,12.002
0,f,43-MR,9.833333333,MR10,Exp.3,Risk,,high,fam2,LH,LH,low,26.01,14.246,60,49.9,60,40.8,57.8,14.2,28.458,60,25.514,10.88,47.11666667,282.7,35.44,26.986,60,10.88,28.458,25.514,0.567712171,0.432287829,lower,26.01,14.246
0,f,53-MR,10.33333333,MR10,Exp.3,Risk,,low,fam2,HL,HL,high,17.646,6.834,60,16.2,46.4,57,22.7,5.5,19.516,NA - 4.182,36.516,39.202,34.63333333,207.8,28.016,39.202,19.516,36.516,NA - 4.182,39.202,0.416793121,0.583206879,higher,6.834,17.646
0,f,55-MR,10.2,MR10,Exp.3,Risk,,high,fam1,HL,LH,low,11.9,6.936,60,24.4,4.9,23.3,23.9,5.4,14.552,5.168,18.292,Fuss out,23.65,141.9,5.168,16.422,5.168,Fuss out,14.552,18.292,0.239370079,0.760629921,higher,11.9,6.936
1,m,58-MR,9.533333333,MR10,Exp.3,Risk,,low,fam1,LH,HL,high,16.32,10.302,60,60,12,16.1,25.9,5.5,14.62,8.636,14.518,9.996,29.91666667,179.5,14.569,9.316,14.62,14.518,8.636,9.996,0.609964413,0.390035587,lower,10.302,16.32
1,f,60-MR,10.46666667,MR10,Exp.3,Risk,,low,fam1,LH,HL,high,5.882,7.31,60,60,58.4,21,21.2,25.8,3.672,12.41,54.978,60,41.06666667,246.4,29.325,36.205,3.672,54.978,12.41,60,0.44750496,0.55249504,higher,7.31,5.882
1,f,61-MR,9.566666667,MR10,Exp.3,Risk,,low,fam1,LH,HL,high,19.21,4.76,60,40.7,13.6,4.7,5.1,19.7,9.962,9.928,14.79,9.928,23.96666667,143.8,12.376,9.928,9.962,14.79,9.928,9.928,0.554878049,0.445121951,lower,4.76,19.21
0,m,62-MR,10.3,MR10,Exp.3,Risk,,high,fam1,HL,LH,low,10.948,19.108,60,60,39.5,12.4,11.6,10.8,9.656,9.656,17.238,11.934,32.38333333,194.3,10.795,13.447,9.656,11.934,9.656,17.238,0.445301543,0.554698457,higher,10.948,19.108
0,m,63-MR,10.4,MR10,Exp.3,Risk,,high,fam2,LH,LH,low,13.532,6.052,60,58.6,60,51.1,7,32.3,12.036,26.588,5.474,12.512,44.83333333,269,19.55,8.755,26.588,12.512,12.036,5.474,0.690690691,0.309309309,lower,13.532,6.052
1,m,64-MR,10.33333333,MR10,Exp.3,Risk,,low,fam2,HL,HL,high,16.116,27.336,60,60,47.4,60,13.3,13.1,26.044,18.7,34.136,38.624,42.3,253.8,30.09,28.662,26.044,34.136,18.7,38.624,0.512152778,0.487847222,lower,27.336,16.116
0,m,65-MR,9.866666667,MR10,Exp.3,Risk,,low,fam2,HL,HL,high,22.882,21.624,60,58.1,60,19.2,12.2,10.4,11.73,6.562,16.66,9.01,36.65,219.9,14.195,7.786,11.73,16.66,6.562,9.01,0.645784996,0.354215004,lower,21.624,22.882
1,m,66-MR,10.06666667,MR10,Exp.3,Risk,,high,fam2,LH,LH,low,4.556,4.692,60,60,11.2,20.2,20.2,48.7,31.824,8.364,9.078,21.216,36.71666667,220.3,14.79,20.451,8.364,21.216,31.824,9.078,0.419681621,0.580318379,higher,4.556,4.692
1,f,02-MR,12.93333333,MR13,Exp.3,Risk,,low,fam1,LH,HL,high,9.282,7.14,60,48.3,60,11.8,1.6,13.3,45.05,NA 1.836,59.602,60,32.5,195,52.326,60,45.05,59.602,NA 1.836,60,0.4658405,0.5341595,higher,7.14,9.282
0,f,04-MR,12.7,MR13,Exp.3,Risk,,high,fam2,LH,LH,low,27.2,NA - 6.46,60,19,16.6,17.4,18.9,9.7,19.244,9.565,5.542,11.968,23.6,141.6,10.7665,12.393,9.565,11.968,19.244,5.542,0.46488482,0.53511518,higher,27.2,NA - 6.46
1,m,05-MR,13.5,MR13,Exp.3,Risk,,high,fam2,LH,LH,low,11.324,7.446,60,13.3,28.2,60,15.5,30.8,16.184,3.74,23.834,40.154,34.63333333,207.8,21.947,20.009,3.74,40.154,16.184,23.834,0.523095624,0.476904376,lower,11.324,7.446
0,m,06-MR,13.1,MR13,Exp.3,Risk,,high,fam2,LH,LH,low,21.93,16.082,60,60,47,11.7,23.4,6.9,23.97,NA 3.842,NA 4.862,22.78,34.83333333,209,22.78,23.97,NA 3.842,22.78,23.97,NA 4.862,0.487272727,0.512727273,higher,21.93,16.082
1,m,07-MR,12.7,MR13,Exp.3,Risk,,high,fam2,LH,LH,low,13.294,10.302,60,60,13.1,2.1,2.4,2.2,17.204,16.796,NA 0.952,NA 2.686,23.3,139.8,16.796,17.204,16.796,NA 2.686,17.204,NA 0.952,0.494,0.506,higher,13.294,10.302
0,f,08-MR,12.96666667,MR13,Exp.3,Risk,,low,fam1,LH,HL,high,12.07,11.458,50.2,20.8,10.5,28.3,17.1,6.4,11.628,28.288,24.514,50.0729,22.21666667,133.3,18.071,39.18045,11.628,24.514,28.288,50.0729,0.315642661,0.684357339,higher,11.458,12.07
1,m,09-MR,12.83333333,MR13,Exp.3,Risk,,low,fam2,HL,HL,high,32.606,27.88,60,60,60,60,60,60,48.654,55.25,60,60,60,360,54.327,57.625,48.654,60,55.25,60,0.485270473,0.514729527,higher,27.88,32.606
1,m,10-MR,13.1,MR13,Exp.3,Risk,,high,fam1,HL,LH,low,20.842,21.352,60,44.8,60,38.1,14,28.1,11.594,8.5,9.928,NA - .952,40.83333333,245,8.5,10.761,8.5,NA - .952,11.594,9.928,0.441306267,0.558693733,higher,20.842,21.352
1,m,11-MR,13.4,MR13,Exp.3,Risk,,low,fam2,HL,HL,high,11.118,19.108,60,60,60,60,20,15,12.24,6.256,10.88,10.336,45.83333333,275,11.56,8.296,12.24,10.88,6.256,10.336,0.582191781,0.417808219,lower,19.108,11.118
0,f,14-MR,12.83333333,MR13,Exp.3,Risk,,low,fam1,LH,HL,high,NA - 47.362,26.418,60,60,60,60,20.7,2,NA - 2.482,60,60,60,43.78333333,262.7,60,60,NA - 2.482,60,60,60,0.5,0.5,lower,26.418,NA - 47.362
1,f,16-MR,12.76666667,MR13,Exp.3,Risk,,high,fam1,HL,LH,low,12.07,5.474,60,33,56.6,15.5,30.8,9.3,19.754,6.732,9.656,34.544,34.2,205.2,20.638,14.705,6.732,34.544,19.754,9.656,0.583934584,0.416065416,lower,12.07,5.474
1,m,20-MR,12.83333333,MR13,Exp.3,Risk,,high,fam1,HL,LH,low,18.394,13.464,60,54.5,13.2,12.8,22.9,28.8,18.496,6.22,13.532,NA 4.216,32.03333333,192.2,6.22,16.014,6.22,NA 4.216,18.496,13.532,0.279751732,0.720248268,higher,18.394,13.464
0,f,23-MR,12.73333333,MR13,Exp.3,Risk,,high,fam2,LH,LH,low,3.842,4.182,11.2,11.9,11.9,60,10.1,30.3,21.182,NA 25.398,60,24.99,22.56666667,135.4,24.99,40.591,NA 25.398,24.99,21.182,60,0.381055489,0.618944511,higher,3.842,4.182
0,m,24-MR,12.83333333,MR13,Exp.3,Risk,,low,fam1,LH,HL,high,24.31,35.518,60,60,60,38.5,4.1,11.5,9.35,40.154,5.95,57.8,39.01666667,234.1,7.65,48.977,9.35,5.95,40.154,57.8,0.135094566,0.864905434,higher,35.518,24.31
1,m,25-MR,12.56666667,MR13,Exp.3,Risk,,low,fam1,LH,HL,high,9.01,9.18,50.9,15.1,5.9,19.8,29.1,10.3,15.47,NA - 2.686,7.888,7.684,21.85,131.1,11.679,7.684,15.47,7.888,NA - 2.686,7.684,0.603160667,0.396839333,lower,9.18,9.01
1,f,26-MR,12.56666667,MR13,Exp.3,Risk,,low,fam2,HL,HL,high,14.416,18.87,60,60,60,38.9,41.2,3.3,14.382,18.802,15.776,18.156,43.9,263.4,15.079,18.479,14.382,15.776,18.802,18.156,0.449341439,0.550658561,higher,18.87,14.416
1,m,27-MR,13,MR13,Exp.3,Risk,,low,fam2,HL,HL,high,5.984,11.118,60,38.7,9.9,15.1,13.9,6.5,11.594,11.288,10.302,12.784,24.01666667,144.1,10.948,12.036,11.594,10.302,11.288,12.784,0.476331361,0.523668639,higher,11.118,5.984
0,m,32-MR,13,MR13,Exp.3,Risk,,low,fam1,LH,HL,high,8.874,7.446,19.5,26.7,13.3,20.2,4.6,8.1,9.418,NA - 3.094,8.296,19.72,15.4,92.4,8.857,19.72,9.418,8.296,NA - 3.094,19.72,0.309934563,0.690065437,higher,7.446,8.874
0,f,34-MR,13.4,MR13,Exp.3,Risk,,low,fam2,HL,HL,high,21.998,14.722,60,51.4,22.2,60,60,40.2,47.668,28.254,NA - 2.244,24.684,48.96666667,293.8,47.668,26.469,47.668,NA - 2.244,28.254,24.684,0.642971795,0.357028205,lower,14.722,21.998
0,m,39-MR,12.86666667,MR13,Exp.3,Risk,,high,fam1,HL,LH,low,7.854,9.588,34.1,17.7,11.9,3.6,22.7,14.3,23.052,7.344,NA - 1.36,NA - Fuss,17.38333333,104.3,7.344,23.052,7.344,NA - Fuss,23.052,NA - 1.36,0.241610738,0.758389262,higher,7.854,9.588
1,f,40-MR,12.66666667,MR13,Exp.3,Risk,,high,fam1,HL,LH,low,10.506,7.548,60,23.4,10.7,11.2,12.4,24,20.468,18.054,NA - 4.42,11.662,23.61666667,141.7,14.858,20.468,18.054,11.662,20.468,NA - 4.42,0.420596728,0.579403272,higher,10.506,7.548
0,m,44-MR,12.66666667,MR13,Exp.3,Risk,,high,fam2,LH,LH,low,5.644,4.047,60,17.2,39.6,22.2,12.8,13.6,21.216,23.902,20.706,27.812,27.56666667,165.4,25.857,20.961,23.902,27.812,21.216,20.706,0.552287582,0.447712418,lower,5.644,4.047
1,f,45-MR,13.43333333,MR13,Exp.3,Risk,,high,fam2,LH,LH,low,9.588,8.058,60,60,60,60,60,13.1,54.094,29.478,10.71,24.208,52.18333333,313.1,26.843,32.402,29.478,24.208,54.094,10.71,0.453084648,0.546915352,higher,9.588,8.058
0,f,67-PM,12.76666667,MR13,Exp.3,Risk,,low,fam2,HL,HL,high,6.562,6.154,60,60,3.9,36.9,10.9,16.8,29.682,21.658,6.12,30.498,31.41666667,188.5,17.901,26.078,29.682,6.12,21.658,30.498,0.407035176,0.592964824,higher,6.562,6.154
0,m,48-MR,12.63333333,MR13,Exp.3,Risk,,high,fam1,HL,LH,low,10.914,7.48,49.3,20.6,48.1,3,12.1,19.4,13.566,NA - 4.352,NA - 2.244,19.516,25.41666667,152.5,19.516,13.566,NA - 4.352,19.516,13.566,NA - 2.244,0.589928058,0.410071942,lower,10.914,7.48
1,f,49-MR,12.86666667,MR13,Exp.3,Risk,,low,fam1,LH,HL,high,20.536,20.298,59.5,30.2,3.9,3.4,4.2,2.6,NA - 2.652,NA - 2.618,7.242,31.008,17.3,103.8,7.242,31.008,NA - 2.652,7.242,NA - 2.618,31.008,0.189333333,0.810666667,higher,20.298,20.536
1,m,50-MR,12.53333333,MR13,Exp.3,Risk,,low,fam2,HL,HL,high,9.962,14.654,60,60,35,34,12.5,2.2,8.126,8.636,NA 3.706,NA 2.142,33.95,203.7,8.126,8.636,8.126,NA 3.706,8.636,NA 2.142,0.484787018,0.515212982,higher,14.654,9.962
0,m,54-MR,12.86666667,MR13,Exp.3,Risk,,high,fam1,HL,LH,low,29.614,7.038,42.4,14.5,3.7,5.1,3.4,16.3,23.392,5.066,NA 1.054,NA 3.808,14.23333333,85.4,5.066,23.392,5.066,NA 3.808,23.392,NA 1.054,0.178016726,0.821983274,higher,29.614,7.038
1,m,57-MR,12.66666667,MR13,Exp.3,Risk,,high,fam1,HL,LH,low,39.474,21.216,60,60,57.5,42.2,10.1,12.9,60,43.282,7.888,8.058,40.45,242.7,25.67,33.944,43.282,8.058,60,7.888,0.43060355,0.56939645,higher,39.474,21.216
1,m,59-MR,13.06666667,MR13,Exp.3,Risk,,low,fam1,LH,HL,high,26.792,7.616,60,60,60,60,54.3,4.6,60,46.172,60,48.824,49.81666667,298.9,60,47.498,60,60,46.172,48.824,0.558149919,0.441850081,lower,7.616,26.792
1,f,S5_1,10.3667,RISK10,Exp.2,Risk,right,LV,LH,,,,,,60,60,21.3,3.6,5.5,2.7,24.94,13.03,7.44,9.08,25.51666667,153.1,16.19,11.06,24.94,7.44,13.03,9.08,0.59423747,0.40576253,LV,,
1,f,S5_2,10.3667,RISK10,Exp.2,Risk,left,LV,HL,,,,,,60,53.2,33.2,5.1,8.5,4.8,34.62,41.24,14.73,28.74,27.46666667,164.8,24.68,34.99,34.62,14.73,41.24,28.74,0.41355904,0.58644096,HV,,
1,f,S5_3,10.2667,RISK10,Exp.2,Risk,left,HV,LH,,,,,,60,60,36.5,40.7,30.6,13.4,15.31,33.44,7.82,5.64,40.2,241.2,19.54,11.57,33.44,5.64,15.31,7.82,0.62819482,0.37180518,LV,,
1,m,S5_4,10.3667,RISK10,Exp.2,Risk,right,LV,HL,,,,,,60,60,44.9,11.3,23.9,16.6,13.29,8.58,6.79,3.3,36.11666667,216.7,10.04,5.94,13.29,6.79,8.58,3.3,0.62828536,0.37171464,LV,,
0,m,S5_5,10.1,RISK10,Exp.2,Risk,right,HV,LH,,,,,,60,5.6,60,48.7,2.9,3.9,27.75,16.84,5.66,11.86,30.18333333,181.1,14.35,16.71,16.84,11.86,27.75,5.66,0.4620834,0.5379166,HV,,
0,f,S5_6,10.5333,RISK10,Exp.2,Risk,left,LV,HL,,,,,,60,39.9,15.5,4.8,10.8,7,7,9.88,16.86,15.48,23,138,11.93,12.68,7,16.86,9.88,15.48,0.48476229,0.51523771,HV,,
1,f,S5_7,10.0667,RISK10,Exp.2,Risk,right,LV,LH,,,,,,60,42.5,60,42.1,21.7,22.7,35.42,17.34,12.72,20.34,41.5,249,24.07,18.84,35.42,12.72,17.34,20.34,0.56094151,0.43905849,LV,,
0,f,S5_8,9.7667,RISK10,Exp.2,Risk,right,LV,LH,,,,,,34.9,15.2,4.6,3.1,4.3,6.6,NA,NA,23.87,11.4,11.45,68.7,23.87,11.4,NA,23.87,NA,11.4,0.67677913,0.32322087,LV,,
1,f,S5_9,10.2667,RISK10,Exp.2,Risk,right,HV,HL,,,,,,60,12.3,10.8,32.5,58.7,13.9,7.58,35.76,7.67,13.08,31.36666667,188.2,24.42,7.63,35.76,13.08,7.58,7.67,0.76205336,0.23794664,LV,,
1,m,S5_10,9.9333,RISK10,Exp.2,Risk,left,LV,LH,,,,,,60,60,60,60,14.6,27.8,45.55,8.28,13.88,13.26,47.06666667,282.4,29.72,10.77,45.55,13.88,8.28,13.26,0.73397555,0.26602445,LV,,
1,m,S5_11,10.6333,RISK10,Exp.2,Risk,left,LV,LH,,,,,,60,60,45.8,19.9,20.4,25.7,11.97,9.93,6.78,6.73,38.63333333,231.8,9.38,8.33,11.97,6.78,9.93,6.73,0.52951144,0.47048856,LV,,
1,f,S5_12,10.0667,RISK10,Exp.2,Risk,right,LV,HL,,,,,,23.9,27.2,57,12.9,4.8,60,37.1,24.34,7.87,44.71,30.96666667,185.8,22.49,34.53,37.1,7.87,24.34,44.71,0.39440449,0.60559551,HV,,
0,m,S5_13,9.8,RISK10,Exp.2,Risk,right,HV,LH,,,,,,60,24.7,31.4,21.7,19.5,25.6,60,29.45,35.41,9.88,30.48333333,182.9,19.67,47.71,29.45,9.88,60,35.41,0.2918955,0.7081045,HV,,
0,f,S5_14,10.6,RISK10,Exp.2,Risk,left,HV,LH,,,,,,33.6,60,14.8,23.3,14.3,6.4,9.06,20.53,8.58,14.72,25.4,152.4,17.63,8.82,20.53,14.72,9.06,8.58,0.6664776,0.3335224,LV,,
0,f,S5_15,10.2333,RISK10,Exp.2,Risk,left,LV,HL,,,,,,31.2,6.3,6.3,5.6,3.7,12.8,14.22,8.76,15.34,9.49,10.98333333,65.9,14.78,9.13,14.22,15.34,8.76,9.49,0.61828069,0.38171931,LV,,
0,f,S5_16,9.6,RISK10,Exp.2,Risk,right,LV,LH,,,,,,23.4,8.3,12.2,8.5,3.1,3,7.16,7.32,15.01,7.26,9.75,58.5,11.09,7.29,7.16,15.01,7.32,7.26,0.60326531,0.39673469,LV,,
0,m,S5_17,10.0333,RISK10,Exp.2,Risk,right,HV,HL,,,,,,60,60,53.2,58.5,6.9,3.5,37.22,24.93,16.09,6.8,40.35,242.1,15.87,26.66,24.93,6.8,37.22,16.09,0.37311853,0.62688147,HV,,
0,m,S5_18,10.1667,RISK10,Exp.2,Risk,left,HV,HL,,,,,,60,60,6,14.3,27.2,4.7,19.04,21.22,12.79,7.87,28.7,172.2,14.55,15.92,21.22,7.87,19.04,12.79,0.47751149,0.52248851,HV,,
1,m,S5_19,9.8333,RISK10,Exp.2,Risk,left,HV,HL,,,,,,60,60,60,34.3,21.8,10.3,60,26.16,35.51,12.48,41.06666667,246.4,19.32,47.76,26.16,12.48,60,35.51,0.28803578,0.71196422,HV,,
1,f,S5_20,10.3667,RISK10,Exp.2,Risk,right,HV,HL,,,,,,60,60,29.2,60,48.4,4,25.47,8.33,6.91,6.98,43.6,261.6,7.66,16.19,8.33,6.98,25.47,6.91,0.32103166,0.67896834,HV,,
0,m,S5_21,9.6333,RISK10,Exp.2,Risk,right,LV,HL,,,,,,60,60,35.2,17.9,10.8,21.1,56.8,15.89,4.07,4.19,34.16666667,205,30.44,10.04,56.8,4.07,15.89,4.19,0.75194565,0.24805435,LV,,
0,m,S5_22,10.4667,RISK10,Exp.2,Risk,right,HV,LH,,,,,,60,60,60,27.5,12.4,9.9,16.18,20.07,NA,NA,38.3,229.8,20.07,16.18,20.07,NA,16.18,NA,0.55365517,0.44634483,LV,,
0,m,S5_23,9.6333,RISK10,Exp.2,Risk,left,LV,LH,,,,,,60,25.3,49,12.1,17.7,10.5,25.27,24.22,6.72,37.59,29.1,174.6,16,30.91,25.27,6.72,24.22,37.59,0.34104478,0.65895522,HV,,
0,m,S5_24,10.1,RISK10,Exp.2,Risk,left,HV,LH,,,,,,47.1,60,25.2,12.3,3.5,8.9,12.87,40.06,34.31,24.09,26.16666667,157,32.08,23.59,40.06,24.09,12.87,34.31,0.57621486,0.42378514,LV,,
0,m,S5_25,10.233,RISK10,Exp.2,Risk,right,HV,LH,,,,,,60,60,60,11.3,21.1,10.4,16.84,4.09,NA,NA,37.13333333,222.8,4.09,16.84,4.09,NA,16.84,NA,0.19541328,0.80458672,HV,,
0,m,S5_26,10.0333,RISK10,Exp.2,Risk,left,HV,HL,,,,,,60,60,39.6,32.1,5.1,4.7,17.99,21.39,NA,NA,33.58333333,201.5,21.39,17.99,21.39,NA,17.99,NA,0.54316912,0.45683088,LV,,
0,m,S5_27,10.3,RISK10,Exp.2,Risk,left,LV,HL,,,,,,60,52.8,60,50.1,21.4,14.2,19.92,18.07,8.63,5.69,43.08333333,258.5,14.28,11.88,19.92,8.63,18.07,5.69,0.54578474,0.45421526,LV,,
0,f,S5_28,9.7333,RISK10,Exp.2,Risk,left,HV,LH,,,,,,NA,NA,NA,NA,NA,NA,6.11,25.01,41.03,7.34,NA,NA,16.18,23.57,25.01,7.34,6.11,41.03,0.40696943,0.59303057,HV,,
1,f,S5_29,9.9667,RISK10,Exp.2,Risk,left,HV,HL,,,,,,28.99,20.57,46.76,37.78,40.04,6.85,28.38,15.62,16.46,4.27,30.165,180.99,9.95,22.42,15.62,4.27,28.38,16.46,0.30727638,0.69272362,HV,,
1,m,S5_30,10.4,RISK10,Exp.2,Risk,right,LV,HL,,,,,,59.6,19.4,10.8,4.2,3.7,3.9,9.32,5.42,3.42,13.29,16.93333333,101.6,6.37,9.36,9.32,3.42,5.42,13.29,0.40508744,0.59491256,HV,,
1,f,S5_31,9.8333,RISK10,Exp.2,Risk,left,LV,LH,,,,,,60,60,23.2,42.9,14,22.6,24.65,60,60,12.8,37.11666667,222.7,42.33,36.4,24.65,60,60,12.8,0.53763099,0.46236901,LV,,
1,m,S5_32,10.5667,RISK10,Exp.2,Risk,right,HV,HL,,,,,,60,60,60,60,60,60,39.41,60,19.82,60,60,360,60,29.62,60,60,39.41,19.82,0.66953077,0.33046923,LV,,
1,f,S4_1,12.867,RISK13,Exp.1,Risk,right,LV,LH,,,,,,60,60,52,12.3,12.3,3.5,37.08,23.92,NA,NA,33.35,200.1,37.08,23.92,37.08,NA,23.92,NA,0.60786885,0.39213115,LV,,
0,m,S4_10,13.4,RISK13,Exp.1,Risk,left,LV,LH,,,,,,60,42,15.9,9,17.1,24.4,14.26,8.04,NA,NA,28.07,168.4,14.26,8.04,14.26,NA,8.04,NA,0.63946188,0.36053812,LV,,
1,m,S4_11,13.1,RISK13,Exp.1,Risk,left,LV,LH,,,,,,60,60,60,60,29.9,19.7,13.99,7.04,14.93,23.03,48.27,289.6,14.46,15.04,13.99,14.93,7.04,23.03,0.52927444,0.47072556,HV,,
1,f,S4_12,12.567,RISK13,Exp.1,Risk,right,LV,HL,,,,,,25.7,60,60,4.7,30.8,23.8,12.47,4.01,13.16,3.41,34.17,205,12.82,3.71,12.47,13.16,4.01,3.41,0.775559589,0.224440411,LV,,
1,m,S4_13,13.2,RISK13,Exp.1,Risk,right,HV,LH,,,,,,60,60,23.6,13.6,60,60,32.23,14.2,10.78,29.55,46.2,277.2,21.88,21.51,14.2,29.55,32.23,10.78,0.51927096,0.48072904,LV,,
0,f,S4_14,12.633,RISK13,Exp.1,Risk,left,HV,LH,,,,,,60,60,60,60,30.8,44.6,52.54,33.63,22.56,49.6,52.57,315.4,41.62,37.55,33.63,49.6,52.54,22.56,0.53881823,0.46118177,LV,,
0,f,S4_15,12.6,RISK13,Exp.1,Risk,left,LV,HL,,,,,,60,60,41.8,5.5,6.2,14.5,22.4,8.85,7.58,8.21,31.33,188,14.99,8.53,22.4,7.58,8.85,8.21,0.59842533,0.40157467,LV,,
1,f,S4_16,12.733,RISK13,Exp.1,Risk,right,LV,LH,,,,,,60,60,40.9,22.7,7.3,24.4,28.52,14.68,38.52,3.43,35.88,215.3,33.52,9.06,28.52,38.52,14.68,3.43,0.78921059,0.21078941,LV,,
0,f,S4_17,12.567,RISK13,Exp.1,Risk,right,HV,HL,,,,,,60,60,3.6,19.4,3.7,3.7,25.62,18.54,7.83,4.65,25.07,150.4,11.6,16.73,18.54,4.65,25.62,7.83,0.39621656,0.60378345,HV,,
0,m,S4_18,12.567,RISK13,Exp.1,Risk,left,HV,HL,,,,,,60,7.4,47.7,15.5,8.2,5.1,15.54,12.56,7.33,8.21,23.98,143.9,10.39,11.44,12.56,8.21,15.54,7.33,0.48764456,0.51235544,HV,,
1,m,S4_19,12.567,RISK13,Exp.1,Risk,left,HV,HL,,,,,,60,60,60,38.6,31.6,21.7,54.08,22.14,20.77,19.93,45.32,271.9,21.04,37.43,22.14,19.93,54.08,20.77,0.39007777,0.60992224,HV,,
0,f,S4_2,13.467,RISK13,Exp.1,Risk,left,LV,HL,,,,,,34,15.4,3.8,15.6,23.1,12,16.96,6.85,14.46,22.82,17.32,103.9,15.71,14.84,16.96,14.46,6.85,22.82,0.55009065,0.44990936,LV,,
1,f,S4_20,13.233,RISK13,Exp.1,Risk,right,HV,HL,,,,,,60,30.2,12.1,19,9.4,2.1,35.18,23.23,20.43,8.01,22.13,132.8,15.62,27.81,23.23,8.01,35.18,20.43,0.33967572,0.66032428,HV,,
1,m,S4_21,12.767,RISK13,Exp.1,Risk,right,LV,HL,,,,,,60,43,15.4,6.6,27.3,3.9,13.4,10.34,NA,NA,26.03,156.2,13.4,10.34,13.4,NA,10.34,NA,0.56444819,0.43555181,LV,,
1,m,S4_22,12.767,RISK13,Exp.1,Risk,right,HV,LH,,,,,,38.4,60,34.8,10,4.6,NA,7.2,14.34,NA,NA,29.56,147.8,14.34,7.2,14.34,NA,7.2,NA,0.66573816,0.33426184,LV,,
1,m,S4_23,12.767,RISK13,Exp.1,Risk,left,LV,LH,,,,,,60,58.2,45,9.3,22.2,37.4,60,40.88,11.38,60,38.68,232.1,35.69,50.44,60,11.38,40.88,60,0.37709724,0.62290277,HV,,
0,m,S4_24,12.567,RISK13,Exp.1,Risk,left,HV,LH,,,,,,60,24.52,40.37,28.5,46.22,8.15,60,36.58,18.03,36.59,34.63,207.76,36.59,39.02,36.58,36.59,60,18.03,0.52432725,0.47567275,HV,,
0,m,S4_25,13.1,RISK13,Exp.1,Risk,right,HV,LH,,,,,,60,49.6,33,5.4,60,13.2,60,19.82,25.32,25.07,36.87,221.2,22.45,42.66,19.82,25.07,60,25.32,0.37291402,0.62708598,HV,,
1,m,S4_26,12.767,RISK13,Exp.1,Risk,left,HV,HL,,,,,,60,46.7,39.2,16.4,22.3,13.3,16.71,6.73,9.6,17.75,32.98,197.9,12.24,13.16,6.73,17.75,16.71,9.6,0.46805528,0.53194472,HV,,
1,f,S4_27,12.9,RISK13,Exp.1,Risk,left,LV,HL,,,,,,60,35.4,23.1,18.2,6.6,32.5,5.18,7.87,11.78,11.77,29.3,175.8,8.48,9.82,5.18,11.78,7.87,11.77,0.44857359,0.55142641,HV,,
0,f,S4_28,13.167,RISK13,Exp.1,Risk,left,HV,LH,,,,,,60,60,20.7,11,4,6.1,24.21,60,39.79,60,26.97,161.8,60,32,60,60,24.21,39.79,0.65688355,0.34311645,LV,,
1,f,S4_29,12.6,RISK13,Exp.1,Risk,left,HV,HL,,,,,,48.7,20.7,60,13.9,23.5,12.4,11.49,18.21,27.29,23.61,29.87,179.2,20.91,19.39,18.21,23.61,11.49,27.29,0.538491,0.461509,LV,,
0,f,S4_3,12.833,RISK13,Exp.1,Risk,left,HV,LH,,,,,,51,6.4,16.5,6.4,2.3,2.3,9.88,15.17,29.63,60,14.15,84.9,37.59,19.76,15.17,60,9.88,29.63,0.63750377,0.36249623,LV,,
0,m,S4_30,13.067,RISK13,Exp.1,Risk,right,LV,HL,,,,,,60,33.2,37.8,20.2,53.3,14,33.84,9.02,13.57,8.06,36.42,218.5,23.71,8.54,33.84,13.57,9.02,8.06,0.70845838,0.29154162,LV,,
1,m,S4_31,12.933,RISK13,Exp.1,Risk,left,LV,LH,,,,,,60,60,57.8,43.2,14.2,42.4,60,59.6,45.18,12.32,46.27,277.6,52.59,35.96,60,45.18,59.6,12.32,0.64370569,0.35629431,LV,,
0,f,S4_32,13.1,RISK13,Exp.1,Risk,right,HV,HL,,,,,,35.3,7.2,3,4.3,21.3,11.4,9.05,14.32,NA,NA,13.75,82.5,14.32,9.05,14.32,NA,9.05,NA,0.61275139,0.38724861,LV,,
1,m,S4_4,13.133,RISK13,Exp.1,Risk,right,LV,HL,,,,,,60,60,46.8,11.8,22,3.6,37.69,15.09,7.55,6.96,34.03,204.2,22.62,11.03,37.69,7.55,15.09,6.96,0.61721353,0.38278647,LV,,
1,m,S4_5,12.967,RISK13,Exp.1,Risk,right,HV,LH,,,,,,60,60,10.3,60,7.1,60,9.44,51.73,7.74,8.13,42.9,257.4,29.93,8.59,51.73,8.13,9.44,7.74,0.67898166,0.32101834,LV,,
0,f,S4_6,12.967,RISK13,Exp.1,Risk,left,LV,HL,,,,,,60,60,8.7,13.9,43.1,20.6,15.27,53.67,47.61,44.55,34.38,206.3,31.44,49.11,15.27,47.61,53.67,44.55,0.36904926,0.63095074,HV,,
0,f,S4_7,12.833,RISK13,Exp.1,Risk,right,LV,LH,,,,,,54.6,60,13.7,15.3,60,22.5,47.76,37.88,NA,NA,37.68,226.1,47.76,37.88,47.76,NA,37.88,NA,0.55768333,0.44231668,LV,,
0,f,S4_8,12.633,RISK13,Exp.1,Risk,right,LV,LH,,,,,,60,24.5,6.7,23.5,26,10.7,17.2,29.8,12.61,18.91,25.23,151.4,14.91,24.36,17.2,12.61,29.8,18.91,0.38301045,0.61698955,HV,,
0,f,S4_9,13,RISK13,Exp.1,Risk,right,HV,HL,,,,,,60,34.6,10.4,57.7,4.5,16.2,23.54,23.27,NA,NA,30.57,183.4,23.27,23.54,23.27,NA,23.54,NA,0.497116,0.502884,HV,,